sample_id,label,group,fold,majority,logistic
d0-c0-r0,0,group-000000,3,0,0
d0-c0-r1,0,group-000000,3,0,0
d0-c0-r2,0,group-000000,3,0,0
d0-c1-r0,1,group-000000,3,0,1
d0-c1-r1,1,group-000000,3,0,0
d0-c1-r2,1,group-000000,3,0,1
d1-c0-r0,0,group-000000,3,0,0
d1-c0-r1,0,group-000000,3,0,0
d1-c0-r2,0,group-000000,3,0,0
d1-c1-r0,1,group-000000,3,0,1
d1-c1-r1,1,group-000000,3,0,1
d1-c1-r2,1,group-000000,3,0,1
d2-c0-r0,0,group-000000,3,0,0
d2-c0-r1,0,group-000000,3,0,0
d2-c0-r2,0,group-000000,3,0,0
d2-c1-r0,1,group-000000,3,0,1
d2-c1-r1,1,group-000000,3,0,1
d2-c1-r2,1,group-000000,3,0,1
d3-c0-r0,0,group-000018,4,0,0
d3-c0-r1,0,group-000018,4,0,1
d3-c0-r2,0,group-000018,4,0,0
d3-c1-r0,1,group-000018,4,0,1
d3-c1-r1,1,group-000018,4,0,1
d3-c1-r2,1,group-000018,4,0,1
d4-c0-r0,0,group-000018,4,0,0
d4-c0-r1,0,group-000018,4,0,0
d4-c0-r2,0,group-000018,4,0,0
d4-c1-r0,1,group-000018,4,0,1
d4-c1-r1,1,group-000018,4,0,1
d4-c1-r2,1,group-000018,4,0,1
d5-c0-r0,0,group-000018,4,0,1
d5-c0-r1,0,group-000018,4,0,0
d5-c0-r2,0,group-000018,4,0,0
d5-c1-r0,1,group-000018,4,0,1
d5-c1-r1,1,group-000018,4,0,1
d5-c1-r2,1,group-000018,4,0,1
d6-c0-r0,0,group-000036,0,0,1
d6-c0-r1,0,group-000036,0,0,0
d6-c0-r2,0,group-000036,0,0,0
d6-c1-r0,1,group-000036,0,0,1
d6-c1-r1,1,group-000036,0,0,1
d6-c1-r2,1,group-000036,0,0,1
d7-c0-r0,0,group-000036,0,0,0
d7-c0-r1,0,group-000036,0,0,0
d7-c0-r2,0,group-000036,0,0,0
d7-c1-r0,1,group-000036,0,0,1
d7-c1-r1,1,group-000036,0,0,1
d7-c1-r2,1,group-000036,0,0,1
d8-c0-r0,0,group-000036,0,0,0
d8-c0-r1,0,group-000036,0,0,0
d8-c0-r2,0,group-000036,0,0,0
d8-c1-r0,1,group-000036,0,0,1
d8-c1-r1,1,group-000036,0,0,1
d8-c1-r2,1,group-000036,0,0,1
d9-c0-r0,0,group-000054,2,0,1
d9-c0-r1,0,group-000054,2,0,1
d9-c0-r2,0,group-000054,2,0,0
d9-c1-r0,1,group-000054,2,0,1
d9-c1-r1,1,group-000054,2,0,1
d9-c1-r2,1,group-000054,2,0,1
d10-c0-r0,0,group-000054,2,0,0
d10-c0-r1,0,group-000054,2,0,0
d10-c0-r2,0,group-000054,2,0,0
d10-c1-r0,1,group-000054,2,0,1
d10-c1-r1,1,group-000054,2,0,1
d10-c1-r2,1,group-000054,2,0,1
d11-c0-r0,0,group-000054,2,0,0
d11-c0-r1,0,group-000054,2,0,0
d11-c0-r2,0,group-000054,2,0,0
d11-c1-r0,1,group-000054,2,0,1
d11-c1-r1,1,group-000054,2,0,1
d11-c1-r2,1,group-000054,2,0,1
d12-c0-r0,0,group-000072,1,0,0
d12-c0-r1,0,group-000072,1,0,0
d12-c0-r2,0,group-000072,1,0,0
d12-c1-r0,1,group-000072,1,0,1
d12-c1-r1,1,group-000072,1,0,1
d12-c1-r2,1,group-000072,1,0,0
d13-c0-r0,0,group-000072,1,0,1
d13-c0-r1,0,group-000072,1,0,1
d13-c0-r2,0,group-000072,1,0,0
d13-c1-r0,1,group-000072,1,0,1
d13-c1-r1,1,group-000072,1,0,0
d13-c1-r2,1,group-000072,1,0,1
d14-c0-r0,0,group-000072,1,0,0
d14-c0-r1,0,group-000072,1,0,0
d14-c0-r2,0,group-000072,1,0,1
d14-c1-r0,1,group-000072,1,0,1
d14-c1-r1,1,group-000072,1,0,1
d14-c1-r2,1,group-000072,1,0,1
d15-c0-r0,0,group-000090,4,0,0
d15-c0-r1,0,group-000090,4,0,0
d15-c0-r2,0,group-000090,4,0,0
d15-c1-r0,1,group-000090,4,0,1
d15-c1-r1,1,group-000090,4,0,1
d15-c1-r2,1,group-000090,4,0,1
d16-c0-r0,0,group-000090,4,0,0
d16-c0-r1,0,group-000090,4,0,1
d16-c0-r2,0,group-000090,4,0,0
d16-c1-r0,1,group-000090,4,0,1
d16-c1-r1,1,group-000090,4,0,1
d16-c1-r2,1,group-000090,4,0,1
d17-c0-r0,0,group-000090,4,0,0
d17-c0-r1,0,group-000090,4,0,0
d17-c0-r2,0,group-000090,4,0,0
d17-c1-r0,1,group-000090,4,0,0
d17-c1-r1,1,group-000090,4,0,0
d17-c1-r2,1,group-000090,4,0,1
d18-c0-r0,0,group-000108,0,0,0
d18-c0-r1,0,group-000108,0,0,0
d18-c0-r2,0,group-000108,0,0,0
d18-c1-r0,1,group-000108,0,0,0
d18-c1-r1,1,group-000108,0,0,0
d18-c1-r2,1,group-000108,0,0,1
d19-c0-r0,0,group-000108,0,0,0
d19-c0-r1,0,group-000108,0,0,1
d19-c0-r2,0,group-000108,0,0,1
d19-c1-r0,1,group-000108,0,0,1
d19-c1-r1,1,group-000108,0,0,1
d19-c1-r2,1,group-000108,0,0,1
d20-c0-r0,0,group-000108,0,0,0
d20-c0-r1,0,group-000108,0,0,0
d20-c0-r2,0,group-000108,0,0,0
d20-c1-r0,1,group-000108,0,0,1
d20-c1-r1,1,group-000108,0,0,0
d20-c1-r2,1,group-000108,0,0,1
d21-c0-r0,0,group-000126,1,0,0
d21-c0-r1,0,group-000126,1,0,0
d21-c0-r2,0,group-000126,1,0,0
d21-c1-r0,1,group-000126,1,0,1
d21-c1-r1,1,group-000126,1,0,0
d21-c1-r2,1,group-000126,1,0,0
d22-c0-r0,0,group-000126,1,0,0
d22-c0-r1,0,group-000126,1,0,0
d22-c0-r2,0,group-000126,1,0,0
d22-c1-r0,1,group-000126,1,0,1
d22-c1-r1,1,group-000126,1,0,1
d22-c1-r2,1,group-000126,1,0,1
d23-c0-r0,0,group-000126,1,0,1
d23-c0-r1,0,group-000126,1,0,0
d23-c0-r2,0,group-000126,1,0,0
d23-c1-r0,1,group-000126,1,0,1
d23-c1-r1,1,group-000126,1,0,1
d23-c1-r2,1,group-000126,1,0,1
d24-c0-r0,0,group-000144,3,0,0
d24-c0-r1,0,group-000144,3,0,0
d24-c0-r2,0,group-000144,3,0,0
d24-c1-r0,1,group-000144,3,0,1
d24-c1-r1,1,group-000144,3,0,1
d24-c1-r2,1,group-000144,3,0,1
d25-c0-r0,0,group-000144,3,0,0
d25-c0-r1,0,group-000144,3,0,0
d25-c0-r2,0,group-000144,3,0,0
d25-c1-r0,1,group-000144,3,0,1
d25-c1-r1,1,group-000144,3,0,1
d25-c1-r2,1,group-000144,3,0,1
d26-c0-r0,0,group-000144,3,0,0
d26-c0-r1,0,group-000144,3,0,0
d26-c0-r2,0,group-000144,3,0,0
d26-c1-r0,1,group-000144,3,0,1
d26-c1-r1,1,group-000144,3,0,1
d26-c1-r2,1,group-000144,3,0,1
d27-c0-r0,0,group-000162,2,0,0
d27-c0-r1,0,group-000162,2,0,1
d27-c0-r2,0,group-000162,2,0,0
d27-c1-r0,1,group-000162,2,0,1
d27-c1-r1,1,group-000162,2,0,1
d27-c1-r2,1,group-000162,2,0,1
d28-c0-r0,0,group-000162,2,0,0
d28-c0-r1,0,group-000162,2,0,0
d28-c0-r2,0,group-000162,2,0,0
d28-c1-r0,1,group-000162,2,0,1
d28-c1-r1,1,group-000162,2,0,1
d28-c1-r2,1,group-000162,2,0,1
d29-c0-r0,0,group-000162,2,0,0
d29-c0-r1,0,group-000162,2,0,0
d29-c0-r2,0,group-000162,2,0,0
d29-c1-r0,1,group-000162,2,0,1
d29-c1-r1,1,group-000162,2,0,1
d29-c1-r2,1,group-000162,2,0,1
