sample_id,source_well,density_condition,x_px,y_px,tile_size_px,reference_nuclear_fraction,image_sha256,f_fg_fraction,f_n_components,f_largest_area_frac,f_largest_circularity,f_halo,f_interior_std,f_thin_fraction,f_small_component_frac,f_bright_near_fg
training_low_x01024_y00000,training_low,low,1024,0,512,0.055522918701171875,e8d98e2f39ee0da6206eb22bb0325df3064bb24a137f8c08199dd7711909670b,0.9299430847167969,30.0,0.92559814453125,0.026179924393760202,0.3450097180233722,0.045284854016409026,0.00036918684546248856,0.7666666666666667,0.01603911739731478
training_low_x02048_y00000,training_low,low,2048,0,512,0.0,46738bc3ff3756c29a74b6724154e172e539a431e669e92227154f0fcaadea5f,0.9947891235351562,2.0,0.9946670532226562,0.48396386274906145,0.2510602835187195,0.020150569704175482,2.300807583461795e-05,0.0,0.0003988066478000445
training_low_x03072_y00000,training_low,low,3072,0,512,0.000385284423828125,893b47db53a2dc0223cd8d33ace4feef34703d219db0d73f765a65f875208f20,0.9996528625488281,1.0,0.9996528625488281,0.7143892504992645,0.27709569596278194,0.01687147646502648,0.0,0.0,4.579226339709906e-05
training_low_x06144_y00000,training_low,low,6144,0,512,0.0036163330078125,4b0b5a98e3efc2f290db63e7a379397c8704785684c4d56a040a99a8c2628628,0.97412109375,35.0,0.9725303649902344,0.35979516127305533,0.2507189771958836,0.02067810347533673,0.00015272556390977444,0.6857142857142857,0.002831296992481203
training_low_x08704_y00000,training_low,low,8704,0,512,0.01287841796875,bdbd22160642572c78f98a9cb0121e3e0a5e2096d7a87d832b39cc4718315009,0.9807777404785156,9.0,0.9804763793945312,0.2095493562598262,0.2909539430082453,0.02535997653682321,8.167869158515004e-05,0.6666666666666666,0.0015596740631259602
training_low_x11776_y00000,training_low,low,11776,0,512,0.026844024658203125,ef54d55016f20c417fabea626e71380d17473d06dca496bd9bfadfb47265e660,0.9687080383300781,26.0,0.9663734436035156,0.0841401571364151,0.2965873090365185,0.03298119221598371,0.00023233743271074776,0.7692307692307693,0.004863334396572432
training_low_x13824_y00000,training_low,low,13824,0,512,0.013095855712890625,8f3a20a759b6359db73622590af13608178880795c542b00ca6eda066a7fe801,0.9582595825195312,55.0,0.9420852661132812,0.23409850474356447,0.30278171161115325,0.025978108546310538,0.0003781817023749811,0.6727272727272727,0.005513491134624724
training_low_x01536_y00512,training_low,low,1536,512,512,0.022769927978515625,704f95d36dcc23f594e5dec4149f26491c9b718c1cab41ed153b00a5479892fe,0.9614524841308594,24.0,0.9590225219726562,0.0911571042641374,0.34563706877658534,0.031554865414127345,0.00025392895543943595,0.7083333333333334,0.008018600295985938
training_low_x00000_y01024,training_low,low,0,1024,512,0.043712615966796875,4c21ed92a844217f71be871a92b7b54dd3f30a701f432e02016c95655a56ce52,0.9350700378417969,51.0,0.9316215515136719,0.04233718914826054,0.3587443172268366,0.03879925881161732,0.00042427679165153823,0.7058823529411765,0.01571455962924736
training_low_x03584_y01024,training_low,low,3584,1024,512,0.027462005615234375,b6db4fcc4897c3d6931accd491ff1ab4c8c00d37d626f51c2dfc64a785d75e09,0.9390830993652344,102.0,0.9258956909179688,0.1271376814986538,0.31560633166582003,0.028172685300913186,0.0006052604854270336,0.5784313725490197,0.01087844013405098
training_low_x07168_y01024,training_low,low,7168,1024,512,0.058612823486328125,cf5379826da8507f5ee2e263ebc95e2a3dd133ad0ca62832a2933fa711706543,0.9355239868164062,11.0,0.9352989196777344,0.02765040237178564,0.30907143791764274,0.045282828314795416,0.00013863856924996534,0.6363636363636364,0.008909566876799243
training_low_x07680_y01536,training_low,low,7680,1536,512,0.037982940673828125,6ef7c78c8bac257bf6af76738b35499962c906c359512023bd797276bbc02abb,0.8679466247558594,231.0,0.8577232360839844,0.24157097342146447,0.2598548726613755,0.02119608088561765,0.0014943281456706236,0.7489177489177489,0.011831562847486233
training_low_x10752_y02048,training_low,low,10752,2048,512,0.00034332275390625,19e56b2f2ca53f75185be218d148bdc25473bd7d91a7e31f6f04bc682a17aad8,0.9980506896972656,3.0,0.9975814819335938,0.6137216662771696,0.24222389476101963,0.01832115004302789,0.0,0.0,0.00010319799107910699
training_low_x13312_y02048,training_low,low,13312,2048,512,0.05963897705078125,f809aff5af0fda0ebdca4d40f49b1a4570ac78cad6ce367f808b5d1603938c1d,0.9189796447753906,29.0,0.915283203125,0.019984642087953607,0.31946617148255124,0.04586003293616563,0.0004067993607438617,0.6896551724137931,0.016022913596645982
training_low_x03584_y03584,training_low,low,3584,3584,512,0.033172607421875,116d67d64b86c955554e9facb0fe53bc5e329e5d1a9d112b5642df8ff5ab4b8e,0.9418678283691406,35.0,0.940093994140625,0.052232355780109194,0.33542562929658387,0.03479002380400445,0.000400963933496689,0.6571428571428571,0.011862862234462647
training_low_x04608_y03584,training_low,low,4608,3584,512,0.055938720703125,14ff577aa073f8a5e514aade52f48c1067ffcb25c9c16887a39ecb25f477a291,0.9272117614746094,42.0,0.9218978881835938,0.024728416928575237,0.32123057853777165,0.04451437128646395,0.0005224982823383238,0.7380952380952381,0.014156823539576159
training_low_x09216_y03584,training_low,low,9216,3584,512,0.0289154052734375,cb4b85875be42e03419e64361bb3f2c6ef8af3eedc03c0fe9295aacca687c4bb,0.9309043884277344,75.0,0.9254722595214844,0.06195235798328164,0.3033806412789907,0.03581738896959532,0.000495838643451037,0.6933333333333334,0.010519155353213322
training_low_x04096_y04096,training_low,low,4096,4096,512,0.0,7a40fe5d35efc6b1f86df134afbdbbf1808f52dcb140e905b4f8c8e90b4c1919,0.998931884765625,1.0,0.998931884765625,0.6605371997402057,0.22116570094357607,0.01820291878646985,7.637552317233373e-06,0.0,1.9093880793083432e-05
training_low_x06144_y04096,training_low,low,6144,4096,512,0.00135040283203125,f85d0f96d8107bb2537e9079b25404c64965a3c978d52074cc2bc88fecadad1c,0.9902420043945312,17.0,0.9897956848144531,0.48233485457650294,0.3356403500631448,0.019429678134572914,0.00010786406046551047,0.7647058823529411,0.0017951661491759957
training_low_x13312_y05120,training_low,low,13312,5120,512,4.9591064453125e-05,9145a2b68d54aba4e0d5d6a85d8d191920a009463db5155df65a1b2e338e5e1d,0.9978752136230469,3.0,0.9975013732910156,0.6001109806374033,0.2994922470312293,0.018303547237239114,0.0,0.0,0.00041286455366665775
training_low_x14336_y05120,training_low,low,14336,5120,512,0.001590728759765625,bc766541c583a119f6122239ae9c139e4ed9d42e5edbe8c92fca2c83fdd3d9bb,0.9793014526367188,29.0,0.9776153564453125,0.3316827632326169,0.28130355484354297,0.02200605502697814,0.0002103475408814341,0.5517241379310345,0.003404513902414322
training_low_x04096_y05632,training_low,low,4096,5632,512,0.000392913818359375,456fb0588bd5ff78df5888dd173dd0d2d00f2b1c58c9ccba0d1107060512f525,0.9984703063964844,1.0,0.9984703063964844,0.6239376205919044,0.3362052229345562,0.016919325594544874,7.641083047111097e-06,0.0,0.0004087979430204437
training_low_x05120_y05632,training_low,low,5120,5632,512,0.0418548583984375,a265b8d4938e7d660896f36d695bc46bf59a422d0b3863cb16957328e208b09a,0.9292373657226562,49.0,0.9244346618652344,0.03399981420484917,0.349580008624219,0.038262952541584926,0.000488517779584062,0.673469387755102,0.015804986986543184
training_low_x13312_y05632,training_low,low,13312,5632,512,0.000995635986328125,b24546988fa73a38ccae8c92c63bb281f3269ee8c1022576fde213737bb3e248,0.9947052001953125,7.0,0.9941825866699219,0.5757569264829843,0.3011045356150359,0.017776312288004397,2.68450198653147e-05,0.2857142857142857,0.000954915706637623
training_low_x02560_y06656,training_low,low,2560,6656,512,0.040134429931640625,2f71ac141ea9998f6082c1204ea9ed7dfda601a9416d78cb6e7852eedd418b5e,0.9474143981933594,21.0,0.9463920593261719,0.03747450993997151,0.32520725872891926,0.039306669024982165,0.00022548005105512586,0.7142857142857143,0.010170760874379427
training_low_x07680_y06656,training_low,low,7680,6656,512,0.026103973388671875,946c73e767066813f4f3ade2aab045607d1a4470bbbdec3170c7776e3a4d69a3,0.9499626159667969,38.0,0.9455108642578125,0.06884978421033765,0.3118421888814954,0.03327305990089517,0.00037345348094784903,0.5789473684210527,0.009312243250731848
training_low_x10240_y06656,training_low,low,10240,6656,512,0.07091522216796875,2e54510c698b3b7fd7335d3d7f2942f1b9af9b52506f58bd7b33dcd56b62eed0,0.9108200073242188,42.0,0.9097557067871094,0.01711942744213876,0.34533275452155954,0.04601413267227213,0.0005612189340190814,0.7380952380952381,0.021154603251719258
training_low_x10752_y06656,training_low,low,10752,6656,512,0.05770111083984375,ee56851578c0d5ac4915d7ef6bead808c50a9974d4df77d4752d71261ff97d10,0.9162216186523438,25.0,0.9133758544921875,0.02119035944362371,0.3314367081657709,0.046911613876206654,0.0003414077657776186,0.6,0.01636675521063194
training_low_x13312_y07168,training_low,low,13312,7168,512,0.03064727783203125,118eb2139b265ea787eccc98780ccfe3b6051446f09c807d394cfbc8169b99d2,0.9410629272460938,48.0,0.9253616333007812,0.06706312375782593,0.3099899497541966,0.0347380409387726,0.0004215749065644077,0.7291666666666666,0.010620444761526425
training_low_x13824_y07168,training_low,low,13824,7168,512,0.0,a1fa150040f1e7d493971d1db08535bb50e6dffca04666d1cb393e77e50b5aae,0.9998016357421875,1.0,0.9998016357421875,0.7461248835425991,0.23469029412236608,0.017245823245197325,0.0,0.0,0.0
training_low_x02560_y07680,training_low,low,2560,7680,512,0.022167205810546875,c014f4ac8551c11948ce16fd64d49bb35fd3cf2722f51cfa2f60a619e4a3c2ac,0.9665069580078125,13.0,0.966278076171875,0.0856006518570906,0.3177630139466012,0.036084255788357514,0.0001341942817448414,0.8461538461538461,0.005130957831420407
training_low_x05120_y07680,training_low,low,5120,7680,512,0.049716949462890625,75aee40baab2f037e05ba72ba2cfef76fd55fd042b646541965a564b14ab4a3f,0.9323997497558594,20.0,0.931427001953125,0.02561339093129045,0.3416843745673535,0.043476515963786336,0.0003354839765488518,0.75,0.01492494568841721
training_low_x07680_y08192,training_low,low,7680,8192,512,0.13192367553710938,b7a95aa5ce618ae5d7bf4f9d534b5d5f1d93e94a5d02c89a968fa2f36f5fab8a,0.8298072814941406,160.0,0.8179473876953125,0.0054188157028945425,0.3423173029802177,0.06514012396636953,0.0016181750479246446,0.7125,0.042637993095173514
training_low_x01536_y08704,training_low,low,1536,8704,512,0.00176239013671875,77353da9d542d5be459dbe64155e8240434dbbc0c954f04fcebb858c54b856e8,0.9900588989257812,8.0,0.9897575378417969,0.5449613454761887,0.2831868900793527,0.01672187228969765,4.623600397629634e-05,0.75,0.0006627160569935809
training_low_x04608_y08704,training_low,low,4608,8704,512,0.032772064208984375,c2d33cb42ff272eb3adc506cda2c2d04da5a7aaf65ef8c39e2246402fad046fd,0.9560356140136719,15.0,0.9553146362304688,0.05014487365410913,0.3266091558153584,0.03776061999727731,0.0003231997574006759,0.6,0.008913929111519876
training_low_x07680_y08704,training_low,low,7680,8704,512,0.000408172607421875,b75395ab1329858e578ef20a78c87638a6698f7b17e2d55c7f6bc2a39219611a,0.997589111328125,6.0,0.9975051879882812,0.6321137757673092,0.26535950237688344,0.017339733792847725,2.2943497812719876e-05,0.8333333333333334,0.00024473064333567864
training_low_x09216_y08704,training_low,low,9216,8704,512,0.006473541259765625,21f0738780df8517687a1e8c4eb02fe37cf16e8ace71c7c720b5ee04278f246a,0.9632415771484375,79.0,0.9603157043457031,0.3856717156374587,0.28104914138510556,0.020260706526990805,0.00045147084448809543,0.7974683544303798,0.004233529234717316
training_low_x05632_y09216,training_low,low,5632,9216,512,0.00235748291015625,26b98ad6fd03fe193bc501696fa3baca8fec0b5bf2246021467da2f728786efd,0.9844322204589844,20.0,0.9834213256835938,0.4299368896109258,0.26416636470965654,0.018309108492498616,0.00011237566020700371,0.7,0.0014918837648171183
training_low_x07168_y09216,training_low,low,7168,9216,512,0.0201263427734375,c5d742a158d76a09b433d68561cb7ff136dbe7b29d3dd581b2c2e73515b7dcf0,0.9745330810546875,12.0,0.9617347717285156,0.18413129555401064,0.31558149189517026,0.027563994018015774,0.0001291746911550566,0.4166666666666667,0.005863748101523478
training_low_x11264_y09216,training_low,low,11264,9216,512,0.14708709716796875,3c264359ef2891a046feaec95a452d4217eaac7a086032098fff4d13a927a934,0.8287353515625,59.0,0.8243484497070312,0.003881879931229906,0.3574636496103562,0.0762028337453514,0.0010817130652526145,0.7288135593220338,0.048575821181322726
training_low_x00000_y09728,training_low,low,0,9728,512,0.00244903564453125,28e7caff8714d387ae1729639fb0200d7df78584f4842c7d70b7b36866df210b,0.9872970581054688,8.0,0.9854278564453125,0.4489448732130197,0.31129130061173166,0.01697539105466541,3.8637786209401344e-05,0.625,0.0016807437001089586
training_low_x10752_y09728,training_low,low,10752,9728,512,0.10733795166015625,f0daf362fa627c09c66e139e56acb44876698a5c4ab7859141549179aab89b49,0.8748703002929688,32.0,0.873779296875,0.007951637104368024,0.3585149566162055,0.06392033839888092,0.0006278832485981634,0.75,0.031054059003584166
training_low_x13312_y09728,training_low,low,13312,9728,512,0.01650238037109375,ce4ca81f1bd9dd7ee5166b0e8ddc7cf85d9c805775d97bc0156ff17c9cdc0b27,0.9748191833496094,9.0,0.9727210998535156,0.1318926171833704,0.33016155147046156,0.02955870961467609,0.00014478972227765973,0.7777777777777778,0.00486415202138192
training_low_x13824_y09728,training_low,low,13824,9728,512,0.00055694580078125,087fc466251a057ea95ea049f9acdd4c0219b38fe4f55bc4bf3fc069863c1041,0.998992919921875,1.0,0.998992919921875,0.6397732769411201,0.2653675965760082,0.01900150488951312,3.81854284405071e-06,0.0,0.00013746754238582557
training_low_x04096_y10240,training_low,low,4096,10240,512,0.003963470458984375,b5cd455ddcb0d63695a27943d22da428475bf092605e15cfd54bffccc68ec982,0.9788246154785156,22.0,0.9773178100585938,0.4492507975363106,0.24603982498133986,0.019782576467012834,0.00010912222858768555,0.7272727272727273,0.0012899806308044257
training_low_x05632_y10240,training_low,low,5632,10240,512,0.050533294677734375,025f496f962bf15fc5ef5553f7a5d7abc7bf053008650b7f87d6d6c38d2faa8a,0.9254875183105469,42.0,0.9219245910644531,0.024137469919422505,0.3349875132536388,0.04535664079869615,0.0005358372044136498,0.6428571428571429,0.01604214153521481
training_low_x03584_y10752,training_low,low,3584,10752,512,0.045017242431640625,38dbc29ad95dd2936b823d263bfd542c76a68694b2fb4c4b6411e4c9c06203a4,0.9276771545410156,84.0,0.9213027954101562,0.04108283571331522,0.2984008149473322,0.04077861780144899,0.0005715813064128132,0.7738095238095238,0.011374056788042026
training_low_x11776_y10752,training_low,low,11776,10752,512,0.0470123291015625,4a07ce6121e608200b4077614d6867652b674be752884a5f84bbdd19c62179c7,0.9403648376464844,33.0,0.9393692016601562,0.029603592782489394,0.30655568623095947,0.04315279296184595,0.0004705672363505077,0.7878787878787878,0.010247007232942952
training_low_x01024_y11264,training_low,low,1024,11264,512,0.019901275634765625,ddf33797b85ada87e74cd45a407a679fe62e91c476a2b98288839fffa2f9577e,0.9503593444824219,61.0,0.9483375549316406,0.11742215855282889,0.31544664591900123,0.030737110771934355,0.0005378696348507412,0.7868852459016393,0.006221626373273499
training_low_x06656_y11264,training_low,low,6656,11264,512,0.04044342041015625,185900dbb02a391bc3dc8d99275633d3a4cb2b77a49b5b10930754342fb9d9e8,0.9467887878417969,22.0,0.9452247619628906,0.03697289120483728,0.3274979245721159,0.04133599477912681,0.00041902536312173896,0.7727272727272727,0.00996393964423135
training_low_x11776_y11264,training_low,low,11776,11264,512,0.06645584106445312,89cb5ad739331d735a95ef99be2835bbc72cde215e67ab194d29e2d1ae41b4cd,0.9261741638183594,25.0,0.9246597290039062,0.019256511249197285,0.35072190064393316,0.04934277175875585,0.0004283519570330037,0.68,0.01906578085678629
training_low_x01024_y11776,training_low,low,1024,11776,512,0.03418731689453125,1f94e0f6780657203bb0eac7ccf3fc3dc661c1e0d0311cb3b45dd11ef260cfdc,0.9493179321289062,28.0,0.947601318359375,0.05057926251271184,0.30688582169577616,0.03710793416497684,0.00025315641851979845,0.6785714285714286,0.0069798841106173
training_low_x08704_y11776,training_low,low,8704,11776,512,0.0,6673c2c2b548d07d80efd6e4b53c76e362f8f24758c977361ee450b1fca53559,0.9992218017578125,1.0,0.9992218017578125,0.691990856535622,0.34258597862804496,0.015624111350057387,0.0,0.0,0.0001756127357410094
training_low_x10752_y11776,training_low,low,10752,11776,512,0.0697174072265625,8d3e79724f421936fe71c24ba1892119cc771c5fe9201c3aae59ab9a0ceec7b8,0.9104804992675781,38.0,0.9078788757324219,0.019881199900913606,0.32424518571412314,0.04532572198499182,0.000506961290782103,0.6578947368421053,0.016197622728624878
training_low_x02048_y12288,training_low,low,2048,12288,512,0.012943267822265625,3d6fc62b0772563fef69706f8fe533f24f239e2e0920aa8cffa977c1266e3de9,0.9807548522949219,9.0,0.980194091796875,0.1469219420736563,0.30208271453936153,0.029805694731013015,6.612238865184229e-05,0.5555555555555556,0.0035083761508212788
training_low_x04096_y12288,training_low,low,4096,12288,512,0.023334503173828125,1d6d80eb1a3dd1032ea32e19d54ba36495ff94200c1cf42185e2ec51690aedb9,0.9703636169433594,16.0,0.968414306640625,0.09155148988619065,0.30283232841405494,0.03220460631810689,0.00019262899262899262,0.625,0.0052206388206388205
training_low_x12288_y12288,training_low,low,12288,12288,512,0.0198211669921875,33fb8cdea4f43e6ea5af2a7bd379ce4f179f6166f5d67835d48b8c5da33a379c,0.95391845703125,48.0,0.9521446228027344,0.0887460408092809,0.2845471408326549,0.02826169188390083,0.00041589353125599847,0.8125,0.004226917909015292
training_low_x10240_y12800,training_low,low,10240,12800,512,0.12630462646484375,e142ef7405aaa75513203923946a4199237f286f30aae2399f069e9ad66c232f,0.8604888916015625,75.0,0.8558120727539062,0.005888353336669888,0.3601769060052927,0.0647319643569828,0.0010107637472735978,0.8666666666666667,0.03917596155551221
training_low_x07168_y13312,training_low,low,7168,13312,512,0.001819610595703125,96100f83a8d66faa355749962af474c776ac60735600017c492651c7a98937bc,0.9952354431152344,3.0,0.9950408935546875,0.5182206761865237,0.26128036346309486,0.018966170777177695,2.683071733839284e-05,0.3333333333333333,0.00030663676958163247
training_low_x05632_y13824,training_low,low,5632,13824,512,0.002117156982421875,f63ef269398dfeee3c290ffd13627cb395552d276465ab7850ef93b91c0ddb81,0.9859962463378906,3.0,0.9857444763183594,0.36128579063212596,0.3414336915060009,0.02095801386771375,1.934438026408948e-05,0.0,0.002452867417486546
training_low_x10240_y13824,training_low,low,10240,13824,512,0.054111480712890625,4d90e552927a3a59d4ea8b8f248735199c6d33842bf3e5ca729e8c447c13c82a,0.9188156127929688,102.0,0.9095268249511719,0.03680131892023615,0.33756796775438386,0.03889778680289038,0.0008552615190441,0.7254901960784313,0.017441522531574095
training_low_x02560_y14336,training_low,low,2560,14336,512,0.00740814208984375,382344ff5e8ecf28349b2f10f0b54f49449267c8d7190917ac35f283a6032023,0.962310791015625,46.0,0.9579620361328125,0.38099256903275874,0.2753837325542362,0.021236216444800143,0.00028145117813084704,0.7391304347826086,0.003670757619002315
training_low_x08192_y14336,training_low,low,8192,14336,512,0.017269134521484375,20d4e40638153059f33bf3d1a0a748ff4cb60ac682243cd7b8608706e4ce7729,0.9777984619140625,27.0,0.9766387939453125,0.13061564725404565,0.3166561278920557,0.029461745345973546,0.00026919055570293846,0.7037037037037037,0.004993679873909584
training_low_x10752_y14336,training_low,low,10752,14336,512,0.02993011474609375,e5910513193db5f58addbb77312630c22ff03f915655369637bb9a0434c947a2,0.9527053833007812,45.0,0.9433479309082031,0.08387163006070601,0.29891273657426876,0.03283494127560251,0.00036837426825654863,0.5777777777777777,0.007859985745517446
training_medium_x06144_y00000,training_medium,medium,6144,0,512,0.26764678955078125,8d1176781903c47afc8b47d6b37258fa36050d73e77f8f4493dcb1ce894efa1b,0.8344268798828125,74.0,0.8263511657714844,0.0024613558545984794,0.3179138603825483,0.09681179106674616,0.0010514766389320654,0.5675675675675675,0.024915424705129377
training_medium_x06656_y00000,training_medium,medium,6656,0,512,0.08921432495117188,2a1ac88602378754f451c395c0b9f4224142abdcfad6236f09c39505abe33e5e,0.9532051086425781,8.0,0.953125,0.021789520511249424,0.29537614314293387,0.05486606803210785,0.0002721338898738179,0.875,0.00413003197573206
training_medium_x04608_y00512,training_medium,medium,4608,512,512,0.03798675537109375,f9441150f31094fccb780074cd633ca094266640320add8cad580acc16027dfe,0.9578056335449219,23.0,0.9569320678710938,0.05218735794139764,0.349237356806395,0.037341742116895206,0.0002548957914315187,0.782608695652174,0.007985407215940545
training_medium_x05120_y00512,training_medium,medium,5120,512,512,0.0256500244140625,8881dc184b79ad97ce84b813ac886a1b9610b266499e460289df3971f351bf4c,0.9700584411621094,14.0,0.9692497253417969,0.08095919572822989,0.35738405591489236,0.030314635334112106,0.0001887571521264673,0.5,0.006575040799071944
training_medium_x02560_y01024,training_medium,medium,2560,1024,512,0.09511184692382812,765d421c4973fff915c914bda3e7f7e7db958370a063bdd65eb07de44b89d05b,0.9153404235839844,18.0,0.9149208068847656,0.01179527332726213,0.37473480288413596,0.059179828755663626,0.0003917466482740226,0.7777777777777778,0.02124600439256348
training_medium_x05632_y01024,training_medium,medium,5632,1024,512,0.2394561767578125,045b61db716cb838c633921ee18d6c01c2fb88149ef19fd03083d74996e5fec4,0.7912940979003906,47.0,0.7882804870605469,0.0018756763789448104,0.36504739857452817,0.09467463921739315,0.0009207792395616898,0.7021276595744681,0.05228676247270203
training_medium_x12800_y01024,training_medium,medium,12800,1024,512,0.06847763061523438,a75b947b6bc7c20c0fa7ae35b23574324073817a693d02ecff8d71169172ef2f,0.9209403991699219,49.0,0.9191131591796875,0.017134552263339205,0.35222203953710696,0.0489369126944013,0.00040593325297511794,0.7551020408163265,0.0185155269469263
training_medium_x04096_y01536,training_medium,medium,4096,1536,512,0.1957550048828125,6cf5ca3b1e53ed4a2c96c35ee3729408c33fce09c667169f54b9bdc2f0022479,0.8373489379882812,100.0,0.8256378173828125,0.0035761343691166013,0.3545429644425807,0.08326164317769229,0.001102475558754658,0.65,0.03619491038969322
training_medium_x06144_y01536,training_medium,medium,6144,1536,512,0.035747528076171875,fb5a121881e2ce4a8c49764085c1f7aa9c9a82f86ff61cf030e9f99f097b8500,0.9561271667480469,18.0,0.9556655883789062,0.06204829404222869,0.3759429058674159,0.0363562252302891,0.00023938430357121483,0.8333333333333334,0.008761465510706463
training_medium_x11264_y01536,training_medium,medium,11264,1536,512,0.15960693359375,e05aea75317982da6f6bb1a8bbdec0344f7577a50b50285ac86733e3dd90db3d,0.8440208435058594,61.0,0.8385009765625,0.004433323246796249,0.3780356205285101,0.07852570862426245,0.0008496983119025558,0.7704918032786885,0.04184764186120088
training_medium_x03584_y02560,training_medium,medium,3584,2560,512,0.18958663940429688,d3ddce62a7d9b1f82aaf5fe08fe1d963a2d3847de2dcc35c42c534a45e7dbd15,0.8238449096679688,33.0,0.8217582702636719,0.0028062020145848848,0.35987756157803835,0.08485780663355771,0.0008380948853060204,0.6363636363636364,0.043363307187242434
training_medium_x05632_y02560,training_medium,medium,5632,2560,512,0.0,c48d418d51234cc22812fba77cea8c0f21bd7ab715b8fa8eaf7febc850f06026,0.9999465942382812,1.0,0.9999465942382812,0.7845898305430972,0.1813965508379372,0.012104685035642812,3.814901003318964e-06,0.0,0.0
training_medium_x07168_y03072,training_medium,medium,7168,3072,512,0.0832672119140625,2326aa9d0250bc9c59595cd717728da1200b017831c2111b3aa2b586d2b8f4a4,0.9168701171875,28.0,0.9160270690917969,0.0143939820657724,0.35955505841885727,0.05532185806912836,0.0003952536280122487,0.7857142857142857,0.01877662761283451
training_medium_x14336_y03584,training_medium,medium,14336,3584,512,0.033916473388671875,29826e4e7516eef52324d7b16bb77d3653195b309f7ca116bef215b8cda09ed2,0.9646377563476562,3.0,0.964508056640625,0.06159774932656708,0.3425852547887033,0.03555831348404274,9.490892697548977e-05,0.0,0.006062307710559409
training_medium_x00000_y04096,training_medium,medium,0,4096,512,0.12212371826171875,f2d5bfa36b8f70b106cf015befbdf3fe2397f982803e069d2a99235dec9aadba,0.8806076049804688,28.0,0.8796539306640625,0.006699131238700312,0.355472588865818,0.06843482356513345,0.00041152976443169904,0.7857142857142857,0.02838255806901571
training_medium_x10240_y04608,training_medium,medium,10240,4608,512,0.10301589965820312,60a410d556bc3c5b42b827b9038247e6b012369781b8eb8c953b3fde2baf6a57,0.8948478698730469,59.0,0.8918304443359375,0.010315565625360788,0.3802392428895036,0.05887272424429149,0.0008525912379198479,0.6610169491525424,0.029350453365390765
training_medium_x13312_y04608,training_medium,medium,13312,4608,512,0.1630096435546875,46a62def63ab338c47bb38272aa485a6b12548c85a0204abf2e238456fa6a0f9,0.8394737243652344,64.0,0.8363914489746094,0.004010135537506292,0.37478616021176436,0.07748277596423649,0.0009270072661010711,0.703125,0.043755651790623594
training_medium_x03072_y05632,training_medium,medium,3072,5632,512,0.06158447265625,aac831433270f74040ec2c4c0b00ae9299937b7ca657bfa2d0cb3e1afabe9c5a,0.9352073669433594,20.0,0.9321632385253906,0.0224091156631467,0.3628630653569637,0.048211879804418566,0.00033855579440281614,0.75,0.013835918730293401
training_medium_x06144_y05632,training_medium,medium,6144,5632,512,0.07220458984375,afe9e292271dd9ceff7c9f15b5e370a06d05c9595c9861b28bd8915bcc8578fc,0.9169692993164062,28.0,0.8965873718261719,0.01878523355068009,0.3650086878478608,0.05039108754047958,0.00032032881544900117,0.75,0.018745475875496093
training_medium_x10752_y05632,training_medium,medium,10752,5632,512,0.07409286499023438,15de60db0ea6b5dd5ded4564f06e4261bbff4428ced753beee124965691a88f3,0.9245338439941406,18.0,0.9241256713867188,0.018344852789580823,0.36188418570350905,0.051949711655760435,0.000330086111214263,0.8333333333333334,0.017213990699823815
training_medium_x11264_y05632,training_medium,medium,11264,5632,512,0.036640167236328125,9f573c23227eebcb4c10f7b020b2b3ab2a3499dc623e051fa87cf1f6058d9db5,0.9675712585449219,5.0,0.9674530029296875,0.06024936691496068,0.36920619471161864,0.03754924834987497,9.856372933611415e-05,0.6,0.007723453830777905
training_medium_x11776_y05632,training_medium,medium,11776,5632,512,0.12768936157226562,7bdd3649db229083c4a4fac3868efcff567864150639213c1fa67c6f15061afc,0.8762779235839844,26.0,0.8752861022949219,0.006216263318186283,0.3569325511688478,0.06881225757793938,0.0004832158668936185,0.6923076923076923,0.025257823961412382
training_medium_x01024_y06144,training_medium,medium,1024,6144,512,0.04222869873046875,5d148008554b30f1bb8b336e4b3b5f4953fb4c53d1e81b46a5e22c4ed74bf93e,0.9499931335449219,27.0,0.9475784301757812,0.04249149017447047,0.3593735333073439,0.04032489316921945,0.000281084988053888,0.7777777777777778,0.009982532575742366
training_medium_x12288_y06144,training_medium,medium,12288,6144,512,0.011341094970703125,c358447c3b47e0dc1a4d4d3c701c552c86bb87fe58ea766f52a1c7f86becfd80,0.9525146484375,57.0,0.9464111328125,0.31782358311151127,0.334226395618407,0.01867386084804273,0.00035242855312059464,0.6666666666666666,0.005506696142509291
training_medium_x00000_y06656,training_medium,medium,0,6656,512,0.021564483642578125,80ee79f1419222a04a1f3526d564bf8bb4256756217a624c0befe1b3b4b52d07,0.9567527770996094,53.0,0.9477882385253906,0.13311658357078107,0.3623499803776823,0.02824800953942803,0.0004545327682241724,0.660377358490566,0.007946349184831364
training_medium_x11264_y06656,training_medium,medium,11264,6656,512,0.022979736328125,d6ef5a58d62d28126fbbb613e8c0935dab0e070160d8a853c4235cdfd17cca0d,0.9783287048339844,5.0,0.9783096313476562,0.11425455213377425,0.34048481880181225,0.03236155377701508,0.0001052783442445889,0.8,0.0035794637043160223
training_medium_x13312_y06656,training_medium,medium,13312,6656,512,0.138458251953125,fc252b28c41fd150473e7801f83894afb5ec8f8be8dcd2ea331595430764aa54,0.8778839111328125,69.0,0.8744468688964844,0.006324307556133493,0.3761154191236712,0.06986494189833688,0.0009038291067735039,0.7101449275362319,0.031890393339474736
training_medium_x13824_y06656,training_medium,medium,13824,6656,512,0.05344390869140625,a2aeeeeb7468d5e9c9190e9b79e33f27f255f157a260f9b32e1b12bf925325c9,0.9395256042480469,33.0,0.9382514953613281,0.028265380435745956,0.37549610342564965,0.0460753235030929,0.00037760210482721656,0.7575757575757576,0.015497927248661137
training_medium_x12800_y07168,training_medium,medium,12800,7168,512,0.080657958984375,ac9790705f4567213089ba14e205c6d320da7097ea4bec223efe5885d68de996,0.9125251770019531,29.0,0.9114112854003906,0.01414894138334176,0.3944473830535876,0.05315226448003625,0.00045984122936462484,0.7586206896551724,0.025412498484614132
training_medium_x08192_y07680,training_medium,medium,8192,7680,512,0.023059844970703125,7833870b1a9ace3916e6d23587b41d40da81b1ea277a8118cfbce30d82e0b38b,0.9774017333984375,7.0,0.9767990112304688,0.11683348855073558,0.3450431686916504,0.0297084488845746,5.854343923191008e-05,0.2857142857142857,0.004019982827257826
training_medium_x11776_y08192,training_medium,medium,11776,8192,512,0.24840927124023438,7eae6eba3f9af20cda188becba1cd2cce5b7ec0ad7889facf58a59f581999eb3,0.7786483764648438,102.0,0.7741165161132812,0.0017644137508934753,0.3768052516781728,0.09644683554721198,0.0014305450768673023,0.7156862745098039,0.06208173703446046
training_medium_x02560_y08704,training_medium,medium,2560,8704,512,0.001819610595703125,9f06b46d37248d357e1a3c48a4cf8d71ec6e6813e1f0706b3fdaaafe86eb85ec,0.9942703247070312,6.0,0.9940032958984375,0.5119646225922124,0.35941136762330955,0.01719094440578514,1.9183400986794146e-05,0.3333333333333333,0.0009745167701291427
training_medium_x04608_y08704,training_medium,medium,4608,8704,512,0.02928924560546875,cb2116c391f4535b4ff0ed8724e4e144e4443ce86f08c2c72d0c8dd40cc42636,0.9582595825195312,17.0,0.957275390625,0.06966501175473724,0.36750937966631775,0.03610481406325378,0.00017117698107499144,0.7647058823529411,0.007969681770049602
training_medium_x01536_y09216,training_medium,medium,1536,9216,512,0.20956039428710938,3fa4be16b2b75ee3178fd65bc583d810405f980bd8e792b81de8d4dc966681ce,0.8141059875488281,69.0,0.8119354248046875,0.0026457793191741606,0.3676973840377116,0.08865522580826513,0.0011058370389807556,0.8260869565217391,0.04694184515470004
training_medium_x02560_y09728,training_medium,medium,2560,9728,512,0.01145172119140625,c6c24c0085a182d3f7fabb7580067ae1ee81e0b09c6dc6d92bf0c0085f8c26ac,0.9867172241210938,3.0,0.9865608215332031,0.18128920450839983,0.33079088164458653,0.02643962325163271,4.6392589557028094e-05,0.3333333333333333,0.0020026134492117124
training_medium_x02560_y10240,training_medium,medium,2560,10240,512,0.021144866943359375,eb490a5d373099b7b58ec7745edafc3955cb2e35030e06f2d068cc23f9d74d23,0.9808616638183594,4.0,0.9808464050292969,0.12163595302238112,0.3360262016723954,0.03267829976066283,7.389344565137072e-05,0.75,0.00264071839985688
training_medium_x07680_y10240,training_medium,medium,7680,10240,512,0.024990081787109375,6ebff0dc8f24edadf4b9e54810b959e6004543f85e3146991d33940679935b1d,0.9777069091796875,15.0,0.9771804809570312,0.10637541796173479,0.3302180450322685,0.033730978600112586,0.00012485368708544674,0.8,0.003628560280920796
training_medium_x11776_y10240,training_medium,medium,11776,10240,512,0.07314682006835938,be3e80f75a2cf3b8e18505517e304e38dfb630bf0fc037c782fe0d321ee38811,0.9316940307617188,15.0,0.9310646057128906,0.018551659322597246,0.3700808821879936,0.0526085836839697,0.00026203948607505796,0.6,0.016209598833924286
training_medium_x12800_y10240,training_medium,medium,12800,10240,512,0.05319976806640625,168e20ad8d2da1acb40e3d560f694a3e491d56903c5d0371f7ba2794f2fa0824,0.948883056640625,18.0,0.9480972290039062,0.029508066402155253,0.33690666283987364,0.047217382344326,0.0002693532306306886,0.8333333333333334,0.009539928601292895
training_medium_x03072_y10752,training_medium,medium,3072,10752,512,0.07147979736328125,1dc7a3a999ac6b92323e16787f20303e2b8e83943cc4bd0c30b1c4ddbf6b9347,0.9335174560546875,23.0,0.9312782287597656,0.021634735212946062,0.3347719835679176,0.05237150919325018,0.00032690956047009596,0.782608695652174,0.01046110593504307
training_medium_x03584_y10752,training_medium,medium,3584,10752,512,0.13688278198242188,3b70c1ddd30274d5736e745d640616f3cfde3f48230e5070d0e34a26a52af51c,0.8610382080078125,92.0,0.8350982666015625,0.007886297035293203,0.35967845021517797,0.06793929765693686,0.0010189796026865618,0.717391304347826,0.033161140548299634
training_medium_x02048_y11264,training_medium,medium,2048,11264,512,0.18031692504882812,c3dc509476d8d43fe6cc8e9a4fc088631215b5688b0babe72bc305a11eb558f0,0.8190193176269531,70.0,0.7971878051757812,0.0030558401695703627,0.37616156090154923,0.08263803453620837,0.00102933847536807,0.8,0.05176967037880587
training_medium_x05120_y11776,training_medium,medium,5120,11776,512,0.0,00f3652b5ff9ab5cc31f38ed867269a26c0abeb21c4b27a44491a72c4f659c8e,0.9997062683105469,1.0,0.9997062683105469,0.7204548999732371,0.2036916964384773,0.01580666566623223,0.0,0.0,0.0
training_medium_x14336_y11776,training_medium,medium,14336,11776,512,0.08725738525390625,a5ffe295c7a4fe614c064a630e0209b82b06e6382139238d2933adf36bc46038,0.9135169982910156,42.0,0.9089508056640625,0.013974191139457212,0.3588864644206666,0.05654711481096338,0.0004802211522802153,0.5952380952380952,0.02095852141995131
training_medium_x00512_y12288,training_medium,medium,512,12288,512,0.06510543823242188,ab222b428853b38021b2fe5059d9d592db37137a18948a00af529542c9d84b67,0.9367637634277344,27.0,0.9363555908203125,0.02218276369642064,0.34659370622706454,0.04809158638586103,0.0003583543391416599,0.8518518518518519,0.01085650759263256
training_medium_x02048_y12288,training_medium,medium,2048,12288,512,0.0437774658203125,2feecfecb113f607aba027033383ca7e28fa31a8f4cf590281b565082865402c,0.9605216979980469,9.0,0.9604263305664062,0.044059232196081835,0.3547596301509114,0.04295878789261542,0.00016283087432236541,0.8888888888888888,0.008018427689191605
training_medium_x04096_y12288,training_medium,medium,4096,12288,512,0.05039215087890625,617888896881bb0c3cc70bfa7a3fc4c48e65b7b7ebe2aee0da68edd36f0342d9,0.9450836181640625,13.0,0.944091796875,0.032362793701288466,0.36203365464251214,0.04616247120983706,0.00020181797633078772,0.6923076923076923,0.01177002437961154
training_medium_x13824_y12288,training_medium,medium,13824,12288,512,0.16417694091796875,aebc0ac3ec713fddcf41f5d9eac78edae03367e5b78f05f2851ef7825d7d3ef5,0.8365287780761719,65.0,0.83148193359375,0.003959962801357024,0.37212151409110383,0.07788834643026663,0.0008937895308060978,0.676923076923077,0.04230451774126617
training_medium_x01024_y12800,training_medium,medium,1024,12800,512,0.101593017578125,ad5b6a32307e165c2397228c35f71347a07af1ec626672aba41a5eb94327e1ab,0.9094123840332031,19.0,0.9087295532226562,0.010868699609596364,0.35661802523758135,0.06024857128242668,0.0003649374782400785,0.8421052631578947,0.019148730898459292
training_medium_x05632_y12800,training_medium,medium,5632,12800,512,0.025905609130859375,0f09d2909f02b03bd3acb7680669e211787df8ed3d841306b3e9d9b35b116f29,0.9661102294921875,24.0,0.965240478515625,0.09171697228740065,0.3443834943558486,0.03427738166036787,0.00023691068467187872,0.7916666666666666,0.005322593382294875
training_medium_x07680_y12800,training_medium,medium,7680,12800,512,0.05454254150390625,83a59e0e997e55927f7f0c3d8d0b357f8bfa12bb9bf4d12fa473339f29c41c4f,0.944305419921875,24.0,0.9424858093261719,0.03160108682574816,0.3613828465282152,0.047649710791943876,0.0002948970688039298,0.625,0.011917073328377985
training_medium_x02560_y13312,training_medium,medium,2560,13312,512,0.039737701416015625,0c6cc1a51b88370fa04d77115ee5ea05165a0b15429f56c6adb655133ff3bf69,0.9610214233398438,19.0,0.9603805541992188,0.05042351504674238,0.34631559484655694,0.03870430524897135,0.0002857982105856482,0.7894736842105263,0.00700205615934838
training_medium_x03584_y13312,training_medium,medium,3584,13312,512,0.14722061157226562,9532192a9bae84bd19e68e0a61403f5c6426fc96d88e16b1a4e244216c41ee16,0.8685989379882812,49.0,0.8664169311523438,0.0049996010463517785,0.3340791787863544,0.07232281106407071,0.0008871399836625706,0.673469387755102,0.02407135767551757
training_medium_x04096_y13312,training_medium,medium,4096,13312,512,0.0816802978515625,26a239d9a14e274fbc8452604f5676afdfb9f57b411ac0321356de35f4b63264,0.9304542541503906,28.0,0.9298782348632812,0.018837326288088724,0.3498911211245873,0.0561946165483323,0.00039768278033561145,0.8571428571428571,0.013955795714045581
training_medium_x06144_y13312,training_medium,medium,6144,13312,512,0.13323211669921875,cba7b3af7329c20c85bf7606b83ddfc0613e89415afb2b933b758d7e615a13ed,0.88421630859375,27.0,0.8830757141113281,0.006200558690186897,0.3597658422377777,0.07072563793894382,0.00043573548698833434,0.7407407407407407,0.02560053841375026
training_medium_x07680_y13312,training_medium,medium,7680,13312,512,0.01819610595703125,0e58d789f1b02065bc8008b19d68fc00ef93c367294079f51cbd3a865bd6ed72,0.9814491271972656,2.0,0.9813079833984375,0.1371439486539177,0.34167420649700375,0.037636758028477366,6.218881300989969e-05,0.0,0.0033737431057870577
training_medium_x08704_y13312,training_medium,medium,8704,13312,512,0.10078811645507812,df7013e4b5a7fd42184bf9e10634d5a8fc4b3cb31da77e78e0de49d27fd1b244,0.8794708251953125,63.0,0.8756523132324219,0.008986682074004259,0.3667390453247767,0.060358850972870956,0.0007460485452053368,0.6984126984126984,0.03148585110259035
training_medium_x07680_y13824,training_medium,medium,7680,13824,512,0.12430572509765625,f9355c9d51e5e082c97758616ac1068fed7a0cbc8b2bc2624728612b0b9fcbb0,0.884857177734375,31.0,0.8831520080566406,0.007183839641751786,0.3664825812903601,0.06626287335328411,0.00047421969305052594,0.5806451612903226,0.028664424900844972
training_medium_x09728_y13824,training_medium,medium,9728,13824,512,0.055629730224609375,ea81ed7542a0f01307b94e6ce46b8a8095fb7367eff6fbf62945ddd363cf3878,0.9370460510253906,22.0,0.9366073608398438,0.024830836501402123,0.34695773743445135,0.050325005551576575,0.0003989562003085804,0.8181818181818182,0.011476097231325389
training_medium_x10240_y13824,training_medium,medium,10240,13824,512,0.14847946166992188,7da8d34c3d4211737a4d9f2dddb32e658ec9803910a77acd31e441412dc9245e,0.8565940856933594,87.0,0.8511314392089844,0.004995507707199649,0.35229542567573324,0.07296160270600084,0.0011133328286224511,0.735632183908046,0.03159193234499067
training_medium_x11776_y13824,training_medium,medium,11776,13824,512,0.16262435913085938,e89760805ed31087670a927defb20eab6c6f376017fca41619bcf89de3eea312,0.8439521789550781,101.0,0.8397293090820312,0.0046352986267739335,0.3714376563473824,0.07578757991205742,0.0012158906512021045,0.7623762376237624,0.03993454982665648
training_medium_x12288_y13824,training_medium,medium,12288,13824,512,0.041316986083984375,d33b8d004d41442064cfdec1e1fb9d30d9e6f51a1ad637e838d2377cf32c7d8c,0.9499282836914062,33.0,0.947662353515625,0.04602255637986058,0.3464089746517448,0.04214631101372562,0.00044575090957280197,0.6666666666666666,0.010031403352368101
training_medium_x06144_y14336,training_medium,medium,6144,14336,512,0.000732421875,89633b94b664b1e0c91eebd3478875ae4d204dffce334ddf75aeebb844bcb877,0.994293212890625,13.0,0.9933929443359375,0.6860655131782807,0.3674596881819601,0.014840383912792998,4.987569442313005e-05,0.6153846153846154,0.0010895920935514564
training_medium_x08704_y14336,training_medium,medium,8704,14336,512,0.17406463623046875,938798e22a5a2f27bcb20e5c8f7586fd1b10c2f5c158cc40b0ac2a9d078cad7b,0.8572311401367188,23.0,0.8563079833984375,0.0043262145596724925,0.35724368181909094,0.08078271957938629,0.0005117525075872872,0.8260869565217391,0.030967701741738535
training_high_x04096_y00000,training_high,high,4096,0,512,0.23993301391601562,45324ba38397e724991b4594b40e9ca5f3fc7bfa887d5f9e26d644e2487bca99,0.8861312866210938,62.0,0.8847389221191406,0.004867001559826589,0.40332190028758264,0.09262077048827512,0.0008997219041387207,0.8709677419354839,0.026380362816086512
training_high_x10240_y00000,training_high,high,10240,0,512,0.23736190795898438,45b795f962d7ab9e85fd128963496ad67ceef54b26f3b043665a8ce9f28e9fd7,0.9029121398925781,14.0,0.9013175964355469,0.005407192745996596,0.38870805491546595,0.09011122079082486,0.00038868914585560196,0.5714285714285714,0.019683725331970103
training_high_x01024_y00512,training_high,high,1024,512,512,0.2878990173339844,a59585a058daed97b6645712b8c1e620b4611377c42fd7d0060d4b45ce0ac0ba,0.8887405395507812,75.0,0.8862113952636719,0.0042802959298285405,0.3361606174824147,0.10166232435730693,0.0007597283863712453,0.7866666666666666,0.01413867403789199
training_high_x02048_y00512,training_high,high,2048,512,512,0.2679405212402344,085d88bf94872e584e1534106c348500f49c1be338b5e4ac1a77f0db6bc6c10c,0.9066619873046875,37.0,0.9059791564941406,0.005871749410271811,0.3418554278260743,0.09752046711359852,0.00043757047409077903,0.8378378378378378,0.010001009778017133
training_high_x03072_y00512,training_high,high,3072,512,512,0.08749771118164062,b0ee2808195a4bc4cad9f68a2e7b10e07fb28d2b9f57ee9bdeede706aa9b2edc,0.9676361083984375,8.0,0.9675254821777344,0.036170837313926535,0.35118750990015435,0.05886445834139061,0.00021288338721122763,0.875,0.0033194039265158084
training_high_x09728_y00512,training_high,high,9728,512,512,0.13881301879882812,5fc7e8f4953e3ec26a91909c83a9431dc9070894ff92540ee7a5e95b1c27fb1e,0.9278106689453125,20.0,0.9275970458984375,0.011153423363531456,0.39665832775191734,0.07036195362129513,0.00036181235095798044,0.95,0.015183784228270701
training_high_x03584_y01024,training_high,high,3584,1024,512,0.162994384765625,edf89b30bdfcc0cdf172b5383c86ba00a7a7d31b30622a35e7b26055c680a766,0.95458984375,12.0,0.9541244506835938,0.01723318833507459,0.3335148029637996,0.07692310449186263,0.0001358695652173913,0.5833333333333334,0.004164002557544757
training_high_x13312_y01024,training_high,high,13312,1024,512,0.3247871398925781,8c5feced4b99891ed8d6294fa162323b55e55eb47781dee6f2602b8e4488ef37,0.9261398315429688,24.0,0.925689697265625,0.006517817218818092,0.3410827084801946,0.10332513198311959,0.000362465092140274,0.8333333333333334,0.009671227685742766
training_high_x01536_y01536,training_high,high,1536,1536,512,0.00585174560546875,432f6c0f69760635e6129ee0dddae43c6cb633f0efafe5582c9c2fd04f7b30a9,0.9938316345214844,1.0,0.9938316345214844,0.3895526578965867,0.3633937491883859,0.023252615484068425,2.686861630464405e-05,0.0,0.0005258572048194621
training_high_x03072_y01536,training_high,high,3072,1536,512,0.3042945861816406,e4bbba5720ed594b49b81e18ccb58ccad0f07c759f8c5f433bf32f476319fae6,0.92840576171875,35.0,0.9266891479492188,0.008211542669308125,0.343961610598837,0.10115911358403264,0.00043554006968641115,0.6857142857142857,0.008903918217079745
training_high_x05120_y01536,training_high,high,5120,1536,512,0.22150802612304688,2334c753fe171f6f017b836debc126d31460fdae20ac1c5d106dfb9746f6ebbc,0.9131278991699219,24.0,0.9123878479003906,0.006719695657690388,0.38069644539870967,0.08771878726539578,0.00040940631906120624,0.7916666666666666,0.015966846443387042
training_high_x09728_y01536,training_high,high,9728,1536,512,0.2900657653808594,7ef20f84474e89d28d0090e1981856289865d48e9cfdf3b0693ee8c5c553af92,0.8997268676757812,13.0,0.8995285034179688,0.005023208523359201,0.3674705441752748,0.09048317645895128,0.0003646261733755056,0.9230769230769231,0.018260987543352356
training_high_x00512_y02048,training_high,high,512,2048,512,0.26940155029296875,a325d5d5a0213b1ef7b1fc37aa421dba5e93bd8b43b04349f5db69d34e7be42b,0.9198799133300781,15.0,0.91961669921875,0.006370371911222258,0.36525770950297054,0.0952010243619917,0.0002902865958090909,0.8,0.012652348625907663
training_high_x12800_y02560,training_high,high,12800,2560,512,0.08180618286132812,fe78bb8a401128764149c4f1ee40a260d6d0721f3cddf003482457c08a350c5c,0.945404052734375,38.0,0.9444580078125,0.024198192574200764,0.4033012484652971,0.058387116660740965,0.000508408922173085,0.8421052631578947,0.011632880338293683
training_high_x00512_y03072,training_high,high,512,3072,512,0.246429443359375,925434ca69c50f5b40a7f36734fd6e873f3de5fc3a742a707efe34e7f951db0b,0.93377685546875,7.0,0.9332389831542969,0.008602709159711027,0.35861433111437696,0.09393738950236467,0.00022468788809726126,0.7142857142857143,0.009530851689652918
training_high_x06144_y03072,training_high,high,6144,3072,512,0.07684326171875,0b0fe69ce68b1f83a9a0ea4a9c322b1006394fc8370802d9f901bed1fcfeb4c7,0.95965576171875,6.0,0.9595756530761719,0.03190957339675523,0.3900826324789948,0.05554699935886731,0.00019875341855879922,0.8333333333333334,0.006809292119824461
training_high_x05632_y03584,training_high,high,5632,3584,512,0.16806793212890625,db134bceda86df9f2d45c81d761c30b07729d766aca108b63e308e38e278e1ab,0.9206619262695312,28.0,0.9198799133300781,0.008404705018082848,0.3938663973219369,0.07935773352274167,0.0004226297514771324,0.7857142857142857,0.016341683723782453
training_high_x11264_y03584,training_high,high,11264,3584,512,0.208740234375,a2df3dc1380f13ca39c21ef72e40c56af380f6e33fdd2b2d1307f6abc77e9345,0.9197044372558594,39.0,0.9187889099121094,0.007383921405752703,0.38556814944319173,0.08797044495412645,0.0003691490906074369,0.8717948717948718,0.014989941724216594
training_high_x12800_y03584,training_high,high,12800,3584,512,0.1594085693359375,3b208cb471676b0eaf867825669c7a3d6eeadbf3d900c76b6ed1e5ee9ed70a37,0.9348716735839844,39.0,0.9332962036132812,0.012477741055116268,0.3789313273315819,0.0753726925372384,0.0004406886167682019,0.7435897435897436,0.011396697283644331
training_high_x03072_y05120,training_high,high,3072,5120,512,0.10418701171875,47a54dc3b247ac87aff7d41d1ea7d73dab60d23dab18b219c633f83d8b24e3c6,0.9340057373046875,33.0,0.9332199096679688,0.015646731674352824,0.4122666360948669,0.06460727710233181,0.00040842332260541405,0.8181818181818182,0.015940762281289312
training_high_x05632_y05120,training_high,high,5632,5120,512,0.32178497314453125,66fc1e4bedcae052ec1a53852b14a837b6318882738ad8dd517470d1c89c282b,0.9102134704589844,16.0,0.909423828125,0.0046615025331719516,0.32592103262847955,0.10759577138951563,0.0003981442287946288,0.6875,0.00722946099653405
training_high_x04608_y05632,training_high,high,4608,5632,512,0.03330230712890625,41ac74330e4dd437a0ce60360f8a6196d5361c78bf1a774a1157820047a63bcf,0.9912185668945312,1.0,0.9912185668945312,0.18995932550057934,0.3493933872591173,0.0379691457454931,2.6939447818289576e-05,0.0,0.00063500127000254
training_high_x05632_y05632,training_high,high,5632,5632,512,0.06998825073242188,3edd5121f56e8daa0a3f67a0cf08562c39a42d1b6ff874fc7f7ee689fcae8757,0.9749107360839844,7.0,0.9747200012207031,0.0504983515252828,0.3494460184621937,0.05461829324347345,0.00010564744274495534,0.7142857142857143,0.0020855587771504147
training_high_x11264_y05632,training_high,high,11264,5632,512,0.2038421630859375,b47e43eba982b4bc5f66613ef2553edfc0ca60f90362fccf83044f7e44c9a3dd,0.9137306213378906,26.0,0.9128799438476562,0.0075701637415422985,0.407272041841658,0.08705943630780832,0.00044671000171169254,0.7307692307692307,0.0202939936291639
training_high_x05632_y06144,training_high,high,5632,6144,512,0.21197509765625,9a30bc6bb94ae5a8bc402f3b1d89f096d99e696aa6262774ea768ce0bbb7b5ea,0.9073143005371094,37.0,0.9050025939941406,0.006475325548911154,0.3671258008106225,0.08928777052403157,0.0005423654702392715,0.8378378378378378,0.01550156192846662
training_high_x06144_y06144,training_high,high,6144,6144,512,0.25832366943359375,93903d6f90c8ff6ab099fe5e63c730d697ff996b69c4d2a0c7f49b1ecd641298,0.9412155151367188,15.0,0.9409217834472656,0.010165186272127159,0.3194393818846189,0.09505065264805072,0.00022696507169664497,0.8666666666666667,0.004101583081375084
training_high_x07168_y06656,training_high,high,7168,6656,512,0.0938873291015625,11a6699cf70c789bfb2c9d8911bb3b817b11334fda9d00cf7be71b8627c8853c,0.9598617553710938,6.0,0.9597854614257812,0.02693184595559219,0.3784696200036557,0.05637006556905358,0.0001390975351916764,0.6666666666666666,0.007097948510066687
training_high_x00512_y07680,training_high,high,512,7680,512,0.12859725952148438,3aa7dbc2a2c3d7fa80cfa0f43a55927798242de1b59c02e98282cfcb11761fdb,0.9330062866210938,54.0,0.9322090148925781,0.014404489869741544,0.406398531921944,0.06829123923728764,0.0005192532565765265,0.9259259259259259,0.01471490134188125
training_high_x04096_y07680,training_high,high,4096,7680,512,0.29876708984375,3998f3ed2b602116a56dfea43d29cdcc3669b1ce6c9353f2401232f187b2d2be,0.9194221496582031,30.0,0.9182167053222656,0.00739465497389064,0.3370280280919819,0.10095187493791485,0.0004646897988142112,0.7,0.008696337663523096
training_high_x04608_y07680,training_high,high,4608,7680,512,0.22803115844726562,6df1a13ad163cdff96407f55499938b6164027f994dfe0ede8e5e4630ee7646b,0.9167366027832031,26.0,0.9151496887207031,0.007622604287754701,0.353882307570246,0.0901103965066783,0.00031624895450592345,0.6153846153846154,0.011880141646242254
training_high_x12800_y07680,training_high,high,12800,7680,512,0.2964591979980469,adf27b0c1384303c08a7d045882e35077e119350f39461d6abd59f0f90e0bc08,0.8878326416015625,29.0,0.886077880859375,0.0039871483804434235,0.35685442607684287,0.1031541160650371,0.0004554438429148406,0.6896551724137931,0.017190856750021483
training_high_x07680_y08192,training_high,high,7680,8192,512,0.3185157775878906,eb99c59bb912cf031d9722ba925c7c0b73245208bf8cf5130e8099c0f8600c3d,0.9117393493652344,40.0,0.9102897644042969,0.005162062769396989,0.31409131592085615,0.10632870130312265,0.0004895254113896246,0.775,0.006903563493956244
training_high_x10752_y08192,training_high,high,10752,8192,512,0.2506103515625,d391db2a9ac9bc532754c06a36658961a83fd008ce89c964ccde23992b7e7e6c,0.9117202758789062,13.0,0.9113960266113281,0.005749717356057173,0.35940673882180607,0.09318095060410167,0.0003179889708035916,0.6923076923076923,0.013627501025096024
training_high_x03584_y08704,training_high,high,3584,8704,512,0.015712738037109375,4b21ca65d1774f1e5af42979ea9cf10d974046feafdfd97cf07624bbde964a85,0.9941177368164062,1.0,0.9941177368164062,0.2804772565791974,0.3554376664352768,0.02835297200532413,2.3023614553994214e-05,0.0,0.0004873331747262108
training_high_x08704_y08704,training_high,high,8704,8704,512,0.0660552978515625,3b94ce7d4a5829ac0ee6e5893ce33b8c38a90a6461bca4219f417dabc7458b51,0.9618759155273438,17.0,0.9607467651367188,0.03984816813355985,0.39594321027725204,0.05388338987136746,0.00017449930596866945,0.5294117647058824,0.007789014475510609
training_high_x04096_y09216,training_high,high,4096,9216,512,0.14541244506835938,05803fcf550c37b59d94271ba062f47a3c2f5756f1067f71e84acd2e72d5ac56,0.939727783203125,50.0,0.937286376953125,0.01776616072050862,0.401649672779477,0.07087779686313239,0.0006697950832981522,0.78,0.013546098139187477
training_high_x10240_y09216,training_high,high,10240,9216,512,0.1332855224609375,af94a9e5fb30e2ae9ab3492619bfe3ea10798512343a6cdb90ec4e757b4c9c86,0.9646492004394531,4.0,0.9644813537597656,0.027335406070903463,0.3344090538283796,0.06738951147933751,0.00010677127615401954,0.5,0.002566465119405877
training_high_x08704_y09728,training_high,high,8704,9728,512,0.17463302612304688,6c2820cdf2970c4f927127c71a81f4d4f253cd4164041d1e4d214e30ddb49cb3,0.9087905883789062,16.0,0.9081459045410156,0.006777892127152133,0.3937807759156741,0.08001934787453831,0.00035679206158650736,0.6875,0.019703316906906656
training_high_x03072_y10240,training_high,high,3072,10240,512,0.07072067260742188,071e9e8824bfe88a4a4c1a348b6d4e2b1d11038c8f571b31221240e6c9ce969f,0.9695625305175781,19.0,0.9693260192871094,0.046474569679504356,0.34829285580261304,0.05262543373712614,0.0002911494501603289,0.8421052631578947,0.00313969271929652
training_high_x11264_y10240,training_high,high,11264,10240,512,0.09344482421875,d1fd919e232fb8c9d2f20a3c8c86bc9636dd87ffc5c627108c93501c6ee1eaf6,0.944000244140625,11.0,0.94342041015625,0.01879200487471487,0.414744992302441,0.05867407899304428,0.00029499240293537647,0.6363636363636364,0.013391846894901884
training_high_x14336_y10240,training_high,high,14336,10240,512,0.16718673706054688,f5e449fcac4d696d4a28121ec32e6806f0dc09a1293ab196610b6edd6422c8ca,0.9354782104492188,37.0,0.9338417053222656,0.013290344171480695,0.35836468735520377,0.07676462815179423,0.00040370264649512705,0.7567567567567568,0.009162826734086369
training_high_x09728_y10752,training_high,high,9728,10752,512,0.3154716491699219,44f52a02f799fc8643342df1a3ab62c29329985694afdfd1757693535ec82cf4,0.95318603515625,7.0,0.9530563354492188,0.011375545411828086,0.30695880797580266,0.10301049596455793,0.0001480758148171864,0.7142857142857143,0.0027494076967407312
training_high_x00000_y11264,training_high,high,0,11264,512,0.118133544921875,43706896e53e61bfaf5a51aece913502f7624b86f425e41d6598e71ab6a7f4df,0.9647483825683594,13.0,0.9631919860839844,0.03012996490841359,0.33836477299190104,0.06510611654110186,0.0001581634065234497,0.38461538461538464,0.0033530642182971336
training_high_x04608_y11264,training_high,high,4608,11264,512,0.1455078125,b3543e215ecac83cf7dadc94486234d278eb2e03d493797413c705954f8722b8,0.9336700439453125,49.0,0.9320487976074219,0.01610841086869536,0.3694008267587022,0.0725293960155274,0.0005270555165144061,0.8775510204081632,0.010369510859795062
training_high_x07168_y11264,training_high,high,7168,11264,512,0.23804855346679688,26ff3e144554e3d719784efd9eb2f60a8336ce0df7e05d61a8292e0118cb4376,0.9107551574707031,14.0,0.9105606079101562,0.0060529809192488675,0.39218234382828104,0.09194673666917906,0.0003183259406322121,0.8571428571428571,0.017738294191808134
training_high_x10240_y11264,training_high,high,10240,11264,512,0.1594696044921875,6c91afafb80f5a0c132c5e81c904b6f3a464927337029516afe05ab427eda867,0.9411201477050781,5.0,0.9410629272460938,0.014633359137233976,0.38814012066310366,0.07628462007142946,0.00016618769481453857,0.6,0.010907587481607885
training_high_x13824_y11264,training_high,high,13824,11264,512,0.2177734375,50357bd1754e7ecf0da2b3fd9f054a8068d9348e0d453dcf3f4e611a49bfd0ae,0.9031600952148438,31.0,0.9024085998535156,0.0065850302693369975,0.411574213266075,0.09041216713156802,0.000473056876641972,0.8064516129032258,0.023310722340955745
training_high_x03072_y11776,training_high,high,3072,11776,512,0.22080230712890625,842bb42b0f371694826b334621c9b5811557218e4af4c0cc215b9875afda008d,0.9251327514648438,2.0,0.9251251220703125,0.007445135870110576,0.3721076719491604,0.08802530175872318,0.0002350341005616078,0.5,0.012815543588517142
training_high_x03584_y11776,training_high,high,3584,11776,512,0.20717620849609375,79e8189fb42167738fab92e7d4a405162c487e627fe1974244173161b952ab7d,0.8951530456542969,26.0,0.8948898315429688,0.005353542153170767,0.39750248958016443,0.0866980605979665,0.0004815498233607064,0.9230769230769231,0.023936861573602548
training_high_x07680_y11776,training_high,high,7680,11776,512,0.13673782348632812,7d029e8f5f6e01e30c4b5b4b470fbec633d4f84552508dac93aeeedc846434ef,0.9378433227539062,12.0,0.9374008178710938,0.012861509798251491,0.38481068882947644,0.07177411010707072,0.0002603213341468375,0.8333333333333334,0.010754525116941225
training_high_x09728_y11776,training_high,high,9728,11776,512,0.2867240905761719,dd7fc8640f189249e79bfdc0ee64dbafe7d753005c413362989f3e713bffb878,0.9357757568359375,31.0,0.9351844787597656,0.009505113633961431,0.335126103360165,0.09826424057325042,0.0004239568216283203,0.9032258064516129,0.006893374859360478
training_high_x05120_y12288,training_high,high,5120,12288,512,0.19944000244140625,5dfb2d7f5515e77ec23ceea9486c9982a16e20776f8014cfa17c3758d2ff5c89,0.8855361938476562,46.0,0.8824539184570312,0.005291315576263641,0.40529059070257484,0.0840525709213417,0.0006806296254813947,0.7391304347826086,0.028685523266332957
training_high_x01024_y12800,training_high,high,1024,12800,512,0.14952850341796875,4f04926a660c951ffe055b10768c68032844e11879ff1ae06b7b53fcec61c64e,0.9481124877929688,9.0,0.9479103088378906,0.016909938771460457,0.37037965652146976,0.07388053858141563,0.00019312631265540632,0.7777777777777778,0.0070370400173813685
training_high_x08192_y12800,training_high,high,8192,12800,512,0.23530197143554688,6f8b9278e24a7a7223c4fb35d240c36e4552eeda94b8653d1c182ea082b44931,0.9486808776855469,9.0,0.9481620788574219,0.013469349798878965,0.35315507712269756,0.08722887162944086,0.00016084216960002574,0.5555555555555556,0.005955181329440953
training_high_x05632_y13312,training_high,high,5632,13312,512,0.0916595458984375,39d72ee004bfb01e2d45bf95d182aef1bca1b09fa6474a6e92324df6638a3028,0.9575920104980469,36.0,0.9566001892089844,0.025211381330792964,0.35029165004739937,0.05917604973051473,0.0004342162396873643,0.8055555555555556,0.005377907555760934
training_high_x06656_y13312,training_high,high,6656,13312,512,0.23560333251953125,4d1e759dff104fa6b09a3f6ab08e751439fa0afb76c5b635e19c1e2d12cafb6e,0.8980865478515625,48.0,0.8969917297363281,0.005346049388526002,0.39319038094659486,0.0908237320382975,0.000496967225648606,0.8958333333333334,0.02255891397794655
training_high_x07168_y13312,training_high,high,7168,13312,512,0.09622955322265625,57808f627173aaf2f44948c5509f94c73ce0a3cdc47a2607d4ec5812e3dd8047,0.9272956848144531,54.0,0.9262428283691406,0.016017347515488823,0.4260967704829118,0.05967346446135765,0.0006540921899747002,0.8703703703703703,0.0198572515786659
training_high_x13312_y13312,training_high,high,13312,13312,512,0.08473968505859375,4cdfcdaabd0822f83efbf3f8632da4309665397ee8a33a365af90bfc2acfd605,0.9716415405273438,20.0,0.97100830078125,0.044946883719200234,0.3700915179393307,0.05762627798094517,0.00021200581052962194,0.9,0.0038161045895331947
training_high_x03072_y13824,training_high,high,3072,13824,512,0.2569007873535156,623a1c653dbf1777530603806dd32a91bb16064d294236a5fbe3004926bf4f24,0.8339462280273438,118.0,0.82989501953125,0.003091982723004574,0.396076728079942,0.09915897126523969,0.001450044370442881,0.788135593220339,0.04104494680121127
training_high_x04608_y13824,training_high,high,4608,13824,512,0.2751579284667969,490cc57afe6efa38edb7510a2c21baeda519e45d9bf5ce72ee77a1ace98bd7b5,0.8901481628417969,44.0,0.8886184692382812,0.004475770399578308,0.35491389469172363,0.0998926818969538,0.0005571102264010251,0.8409090909090909,0.01595049432818935
training_high_x08192_y14336,training_high,high,8192,14336,512,0.06907272338867188,3167d61db0745b75893685bb751c5557705c64179ea3516e75756708479934e9,0.9556121826171875,33.0,0.9550514221191406,0.031223541351606442,0.38639592418765445,0.053712193180210255,0.000319351078608268,0.8787878787878788,0.007381001804333594
training_high_x09728_y14336,training_high,high,9728,14336,512,0.2496795654296875,b634710de84430e6ba8e7e3b6c2b13dc7d020467d13e5286d652ecbcc6fa2682,0.912017822265625,24.0,0.91168212890625,0.006064249488559468,0.37600349554567397,0.09519583771659036,0.00037226033126986784,0.875,0.014848586247281245
training_high_x10240_y14336,training_high,high,10240,14336,512,0.06348037719726562,a04deb43c1e8478e4dde312025ae2b14028af91dbcf3046c47deb7a728bc70e0,0.975006103515625,9.0,0.9747734069824219,0.059650820310621334,0.37764674312068347,0.04900067340164411,0.0001330245078093211,0.7777777777777778,0.003509499514851795
training_high_x12800_y14336,training_high,high,12800,14336,512,0.14350509643554688,8b87232db101704988d3012c27d613396c63c441d577f27743deb1c6f0bab287,0.9475173950195312,25.0,0.9470291137695312,0.01775099099950509,0.3830478177079031,0.07285288356746746,0.0003301313278526165,0.88,0.009139001392993163
