sample_id,label,donor_id,batch_id,f_signal,f_nuisance
d0-c0-r0,0,d0,b0,-0.02897082953742381,0.6404226504432821
d0-c0-r1,0,d0,b0,0.11323215872918113,-0.535669373161111
d0-c0-r2,0,d0,b0,0.2672491213830481,1.3040000451301372
d0-c1-r0,1,d0,b0,2.1185406663149022,-0.7037352358069926
d0-c1-r1,1,d0,b0,0.7910392058097258,-0.6232744625373522
d0-c1-r2,1,d0,b0,1.5750876760457033,-2.3250307746388343
d1-c0-r0,0,d1,b0,-0.8350632339248574,-0.7322673547034516
d1-c0-r1,0,d1,b0,-0.4140720552874042,-0.31630015636915454
d1-c0-r2,0,d1,b0,0.1594616562514614,1.0425133694426776
d1-c1-r0,1,d1,b0,1.335362536660561,1.3664634705496859
d1-c1-r1,1,d1,b0,1.0133665303350134,0.3515100700930197
d1-c1-r2,1,d1,b0,1.9545654434180668,0.09401229776087457
d2-c0-r0,0,d2,b0,-0.850434925496575,-0.45772582566733916
d2-c0-r1,0,d2,b0,-0.16528262565949373,-1.009618183538736
d2-c0-r2,0,d2,b0,-0.4229050446645512,-0.15922500991447772
d2-c1-r0,1,d2,b0,1.5271076510699613,0.2146591225063409
d2-c1-r1,1,d2,b0,1.4158239256824294,-0.6538286094183394
d2-c1-r2,1,d2,b0,1.1248321200428149,0.7839754700613295
d3-c0-r0,0,d3,b1,-0.1580668611741678,1.5139237747390626
d3-c0-r1,0,d3,b1,1.4048977123576871,0.7813114007004275
d3-c0-r2,0,d3,b1,0.7560458362858864,-0.3139228145364278
d3-c1-r0,1,d3,b1,2.9721848682104794,1.9602583164499647
d3-c1-r1,1,d3,b1,3.1783533800079793,1.31510376473437
d3-c1-r2,1,d3,b1,2.311800704483678,-1.2083186322821715
d4-c0-r0,0,d4,b1,0.39210330779776814,-1.2883614637495544
d4-c0-r1,0,d4,b1,0.23529158286117166,0.42986369482223
d4-c0-r2,0,d4,b1,0.4158439811296878,-1.184117966757189
d4-c1-r0,1,d4,b1,1.1011968035285458,-0.43643524714322124
d4-c1-r1,1,d4,b1,0.7963372020882483,1.739367877130134
d4-c1-r2,1,d4,b1,1.2006719096866756,0.3289696294602021
d5-c0-r0,0,d5,b1,0.8466547090917036,1.3203609870818391
d5-c0-r1,0,d5,b1,0.2765825555053795,-2.2035098806466507
d5-c0-r2,0,d5,b1,-0.07221163363363771,0.6836861907765345
d5-c1-r0,1,d5,b1,1.998947927315732,-0.6179070447076008
d5-c1-r1,1,d5,b1,2.489777799807424,-1.3204309700132935
d5-c1-r2,1,d5,b1,0.999654168721299,0.9350499881140221
d6-c0-r0,0,d6,b2,1.2210573957172777,0.18851919251246557
d6-c0-r1,0,d6,b2,-0.36029460858521134,-0.37756350523280824
d6-c0-r2,0,d6,b2,-0.6350658250413925,-1.277680166386608
d6-c1-r0,1,d6,b2,1.8978687399910639,0.5811658124128057
d6-c1-r1,1,d6,b2,2.296357137194795,-0.7546057912599311
d6-c1-r2,1,d6,b2,2.5330863169963287,-0.2873877078086663
d7-c0-r0,0,d7,b2,0.3700918032282767,-0.735483292342275
d7-c0-r1,0,d7,b2,0.7796345344730349,1.0314530848694723
d7-c0-r2,0,d7,b2,0.7263690575670415,-0.5855288241233366
d7-c1-r0,1,d7,b2,1.3250314830918333,-1.401520214917428
d7-c1-r1,1,d7,b2,2.431373021462754,0.989713033285805
d7-c1-r2,1,d7,b2,2.0311865559626603,-1.0743648582284346
d8-c0-r0,0,d8,b2,-0.4190195057800612,-0.7130680950592722
d8-c0-r1,0,d8,b2,0.7218275731727417,-2.2501411735745918
d8-c0-r2,0,d8,b2,0.5810386195884661,-0.5816408364095031
d8-c1-r0,1,d8,b2,1.9147846795353711,-0.07570152622082311
d8-c1-r1,1,d8,b2,1.9704854980750586,0.6941719367070082
d8-c1-r2,1,d8,b2,1.3941950105096372,1.4209820223119163
d9-c0-r0,0,d9,b3,0.7966771129610668,1.1648639811110282
d9-c0-r1,0,d9,b3,0.7629904486026277,0.844078680578592
d9-c0-r2,0,d9,b3,0.3357936820248371,-1.4267738509897323
d9-c1-r0,1,d9,b3,1.7094104555568976,-0.7695146401767057
d9-c1-r1,1,d9,b3,0.9367924544698578,0.25845279091298756
d9-c1-r2,1,d9,b3,1.4493078430905204,-1.0298044380114637
d10-c0-r0,0,d10,b3,-0.2561501842032774,0.35867194917034445
d10-c0-r1,0,d10,b3,0.3762740498314737,-0.013914668524093734
d10-c0-r2,0,d10,b3,0.20790342349906699,1.4022648267725224
d10-c1-r0,1,d10,b3,1.7728989496611889,-2.3653039062769743
d10-c1-r1,1,d10,b3,1.8200097994934263,0.33962000824864264
d10-c1-r2,1,d10,b3,1.337062379683382,0.37122741773625884
d11-c0-r0,0,d11,b3,0.34475139625973295,-0.35891330853862047
d11-c0-r1,0,d11,b3,-0.9878783149172923,-0.10891472790742324
d11-c0-r2,0,d11,b3,-0.32913624500410155,1.0801634125378852
d11-c1-r0,1,d11,b3,1.4798429605110779,0.08347535610700986
d11-c1-r1,1,d11,b3,1.1433392907422184,-0.5106224678981267
d11-c1-r2,1,d11,b3,1.6461830270963522,-1.4853751842635452
d12-c0-r0,0,d12,b4,0.05663069364919178,-1.1857198050052338
d12-c0-r1,0,d12,b4,-1.3186656735208204,0.513052133880305
d12-c0-r2,0,d12,b4,-0.05827637764815588,-0.5300084132181584
d12-c1-r0,1,d12,b4,1.4785812678060772,1.816475940881144
d12-c1-r1,1,d12,b4,1.5903934642820565,0.08661926298854213
d12-c1-r2,1,d12,b4,0.7280303239126036,1.6473390663560998
d13-c0-r0,0,d13,b4,1.0071561135808251,0.0476727312116796
d13-c0-r1,0,d13,b4,0.9169880666724752,0.37094683509441023
d13-c0-r2,0,d13,b4,0.7349086400931215,-0.1521929584082903
d13-c1-r0,1,d13,b4,0.9826624245525424,1.028854347803183
d13-c1-r1,1,d13,b4,0.7060194114118936,-0.23993667125803605
d13-c1-r2,1,d13,b4,1.7442817003379214,-1.0428601409845046
d14-c0-r0,0,d14,b4,0.12505143368889093,-0.4368683255972816
d14-c0-r1,0,d14,b4,0.5571542931212166,-0.47657904055841377
d14-c0-r2,0,d14,b4,1.078637239437617,0.35145507618731386
d14-c1-r0,1,d14,b4,1.4606494624339683,-1.9442649759855442
d14-c1-r1,1,d14,b4,0.9605973363939434,1.0868307847683634
d14-c1-r2,1,d14,b4,1.7148868166678264,-0.2831250656795347
d15-c0-r0,0,d15,b5,-0.11228890074726017,-0.5856577998413593
d15-c0-r1,0,d15,b5,0.3737480396419884,0.5863372815313004
d15-c0-r2,0,d15,b5,0.25917952671465067,-0.6134178486140281
d15-c1-r0,1,d15,b5,1.1942110075660106,0.7293494040178566
d15-c1-r1,1,d15,b5,2.640984260806092,-0.476376747401162
d15-c1-r2,1,d15,b5,2.255304613021858,-1.2926461227593415
d16-c0-r0,0,d16,b5,0.6380453097371518,0.13573073406713437
d16-c0-r1,0,d16,b5,1.197492830181172,-0.7871927421571577
d16-c0-r2,0,d16,b5,0.15944538813822368,-0.19550582783310236
d16-c1-r0,1,d16,b5,1.650765446200495,-0.0072113596587564995
d16-c1-r1,1,d16,b5,0.9745558718581437,-0.8676167643217026
d16-c1-r2,1,d16,b5,3.1508967815329774,-0.07734505972421603
d17-c0-r0,0,d17,b5,-1.1958246408352988,0.6780397271239971
d17-c0-r1,0,d17,b5,-1.1066693360041469,1.3604462024852575
d17-c0-r2,0,d17,b5,-0.20522531238692343,-0.1523386358242358
d17-c1-r0,1,d17,b5,0.41000615824107595,-1.0048010070276965
d17-c1-r1,1,d17,b5,0.27335579851870717,-1.473143074665625
d17-c1-r2,1,d17,b5,1.4159734988265527,1.5907007871260619
d18-c0-r0,0,d18,b6,-1.2114650133029712,-1.768511857086917
d18-c0-r1,0,d18,b6,-1.0807677663303976,-3.1063368012832915
d18-c0-r2,0,d18,b6,-1.187822601870245,1.2969153998005238
d18-c1-r0,1,d18,b6,0.7901412544302278,0.8545842348534083
d18-c1-r1,1,d18,b6,0.7041633338036799,1.760667296993123
d18-c1-r2,1,d18,b6,1.117075561917221,-0.3820022921434805
d19-c0-r0,0,d19,b6,0.826286496377169,-1.2212233497261362
d19-c0-r1,0,d19,b6,1.1421156113244983,-0.03883503855807973
d19-c0-r2,0,d19,b6,1.6607643420481866,-0.9216339244978112
d19-c1-r0,1,d19,b6,3.0037997690361307,0.8527484705742913
d19-c1-r1,1,d19,b6,2.12035723498739,0.16324400572267767
d19-c1-r2,1,d19,b6,2.02251843603583,2.3458080738406677
d20-c0-r0,0,d20,b6,-0.5535004911132952,-1.0658380219633747
d20-c0-r1,0,d20,b6,-0.48932859001597084,-0.005876026696904225
d20-c0-r2,0,d20,b6,0.1790176562947451,-0.6104866460656994
d20-c1-r0,1,d20,b6,1.1068797998849818,-1.416489366414042
d20-c1-r1,1,d20,b6,0.72190283902824,2.755807558275951
d20-c1-r2,1,d20,b6,1.8430900901048104,-0.7814240416773149
d21-c0-r0,0,d21,b7,-1.1203085949711116,-0.02169085951373511
d21-c0-r1,0,d21,b7,-0.5141222235958024,-0.7443606009308561
d21-c0-r2,0,d21,b7,-1.306903576653903,1.4223785052484463
d21-c1-r0,1,d21,b7,1.236052374165741,-0.3745680195679353
d21-c1-r1,1,d21,b7,0.8326443786990315,-0.5295304591256691
d21-c1-r2,1,d21,b7,-0.7965861642215841,0.1156618270926259
d22-c0-r0,0,d22,b7,-1.029828343297998,-0.6402624053903738
d22-c0-r1,0,d22,b7,0.011163264948471918,-1.170530808407683
d22-c0-r2,0,d22,b7,-1.2887866396827796,0.6398520751723783
d22-c1-r0,1,d22,b7,1.524403578905424,-0.958933707794222
d22-c1-r1,1,d22,b7,1.409220842497469,-0.2916324304147521
d22-c1-r2,1,d22,b7,1.2525575420538295,-1.2609602800655342
d23-c0-r0,0,d23,b7,1.0551131522142327,0.6370732356261833
d23-c0-r1,0,d23,b7,0.6681617567614202,-3.772275156122734
d23-c0-r2,0,d23,b7,0.489535629184498,-0.025445316692543535
d23-c1-r0,1,d23,b7,1.7449304756365343,-0.63057798997102
d23-c1-r1,1,d23,b7,1.8663767646924665,0.41211740512833367
d23-c1-r2,1,d23,b7,1.6748848834199592,-0.46332413970987085
d24-c0-r0,0,d24,b8,-0.1713187399857667,1.0301551978238768
d24-c0-r1,0,d24,b8,0.5979890026140233,-0.8043056452824273
d24-c0-r2,0,d24,b8,0.3179123867341202,-0.9199936028121969
d24-c1-r0,1,d24,b8,2.396940235421372,0.3479017619704715
d24-c1-r1,1,d24,b8,1.6578238192837997,-1.102218299054223
d24-c1-r2,1,d24,b8,2.172931180476351,0.9573856068419316
d25-c0-r0,0,d25,b8,0.2054769607807813,-0.37602715054974273
d25-c0-r1,0,d25,b8,-0.004993016147096255,-0.2912829113936885
d25-c0-r2,0,d25,b8,0.13089074603223552,-1.509772513035727
d25-c1-r0,1,d25,b8,1.8409797741610607,-0.2299324816033148
d25-c1-r1,1,d25,b8,1.6696303008368785,-0.340310127466209
d25-c1-r2,1,d25,b8,1.6466821738717095,-1.0725628041289215
d26-c0-r0,0,d26,b8,-0.5464649875869938,-1.0392388147791862
d26-c0-r1,0,d26,b8,0.6170614067191654,1.462842285184577
d26-c0-r2,0,d26,b8,0.6425375460802033,-0.24790845527908614
d26-c1-r0,1,d26,b8,1.1206076790494264,-0.19127666443013225
d26-c1-r1,1,d26,b8,1.9637355583701286,1.690568645339397
d26-c1-r2,1,d26,b8,2.348936897958854,-1.5290928749284465
d27-c0-r0,0,d27,b9,0.5737057127980013,-0.8794597147043167
d27-c0-r1,0,d27,b9,1.695605229349423,-0.049755760296968106
d27-c0-r2,0,d27,b9,0.5902700784704179,0.2187859889352313
d27-c1-r0,1,d27,b9,2.8176449063227067,0.9933362044496503
d27-c1-r1,1,d27,b9,1.485590198065633,1.9984814702717295
d27-c1-r2,1,d27,b9,2.8788285908946527,-0.37920106201315124
d28-c0-r0,0,d28,b9,-0.9088713990634902,0.12337843757618257
d28-c0-r1,0,d28,b9,-0.7162737171223426,-0.7648739652865205
d28-c0-r2,0,d28,b9,0.15928870235641496,0.36456734382632344
d28-c1-r0,1,d28,b9,0.9357933043372069,0.7342475961853729
d28-c1-r1,1,d28,b9,1.992963235174836,-1.0944963126296459
d28-c1-r2,1,d28,b9,0.810560928906085,0.9426218402198768
d29-c0-r0,0,d29,b9,0.42359554018881707,1.1624211875584574
d29-c0-r1,0,d29,b9,-0.3653508111454367,-1.479137833771104
d29-c0-r2,0,d29,b9,-0.23232818804011718,0.12254409553604008
d29-c1-r0,1,d29,b9,1.3099241612689596,-0.48721815642469163
d29-c1-r1,1,d29,b9,1.202576154865841,-0.6204291445949027
d29-c1-r2,1,d29,b9,1.1847038949302253,0.36746620574561295
