sample_id,target,group,fold,mean_baseline,ridge,hist_gradient_boosting
training_low_x01024_y00000,0.055522918701171875,group-000000,0,0.13451936841011047,0.05072427826148426,0.05569179222875063
training_low_x02048_y00000,0.0,group-000000,0,0.13451936841011047,0.00804918140079508,0.020848877104706325
training_low_x03072_y00000,0.000385284423828125,group-000000,0,0.13451936841011047,0.016767316338701155,0.020848877104706325
training_low_x06144_y00000,0.0036163330078125,group-000000,0,0.13451936841011047,0.0024156121930633545,0.020848877104706325
training_low_x08704_y00000,0.01287841796875,group-000000,0,0.13451936841011047,-0.0015726948639648297,0.020848877104706325
training_low_x11776_y00000,0.026844024658203125,group-000000,0,0.13451936841011047,0.014658251308262524,0.02519087807634782
training_low_x13824_y00000,0.013095855712890625,group-000000,0,0.13451936841011047,0.010208934970339936,0.023065002913487568
training_low_x01536_y00512,0.022769927978515625,group-000000,0,0.13451936841011047,0.004137730610170448,0.026142009465966353
training_low_x00000_y01024,0.043712615966796875,group-000000,0,0.13451936841011047,0.02691561086907525,0.04227224573183053
training_low_x03584_y01024,0.027462005615234375,group-000000,0,0.13451936841011047,0.009303477467560828,0.026177296139377228
training_low_x07168_y01024,0.058612823486328125,group-000000,0,0.13451936841011047,0.06185246125489452,0.05383246697113005
training_low_x07680_y01536,0.037982940673828125,group-000000,0,0.13451936841011047,0.02638624126149411,0.02882841051218833
training_low_x10752_y02048,0.00034332275390625,group-000000,0,0.13451936841011047,0.015082589947180827,0.020848877104706325
training_low_x13312_y02048,0.05963897705078125,group-000000,0,0.13451936841011047,0.05738994846119065,0.05775545160111228
training_low_x03584_y03584,0.033172607421875,group-000000,0,0.13451936841011047,0.014428600199882638,0.03807665394371636
training_low_x04608_y03584,0.055938720703125,group-000000,0,0.13451936841011047,0.05230464555132851,0.051401266767396224
training_low_x09216_y03584,0.0289154052734375,group-000000,0,0.13451936841011047,0.03275267743630608,0.026177296139377228
training_low_x04096_y04096,0.0,group-000000,0,0.13451936841011047,0.020317630178681212,0.020848877104706325
training_low_x06144_y04096,0.00135040283203125,group-000000,0,0.13451936841011047,-0.0022141460640988098,0.02431156707486916
training_low_x13312_y05120,4.9591064453125e-05,group-000000,0,0.13451936841011047,0.009228121432721254,0.020848877104706325
training_low_x14336_y05120,0.001590728759765625,group-000000,0,0.13451936841011047,-0.0016746713066549401,0.020848877104706325
training_low_x04096_y05632,0.000392913818359375,group-000000,0,0.13451936841011047,0.0030568188135957353,0.020848877104706325
training_low_x05120_y05632,0.0418548583984375,group-000000,0,0.13451936841011047,0.025456114221232784,0.03947854456440306
training_low_x13312_y05632,0.000995635986328125,group-000000,0,0.13451936841011047,0.004267926879669398,0.020848877104706325
training_low_x02560_y06656,0.040134429931640625,group-000000,0,0.13451936841011047,0.03220359446567206,0.04519324260729309
training_low_x07680_y06656,0.026103973388671875,group-000000,0,0.13451936841011047,0.01408745315430858,0.026177296139377228
training_low_x10240_y06656,0.07091522216796875,group-000000,0,0.13451936841011047,0.050529317431514134,0.05811826584849834
training_low_x10752_y06656,0.05770111083984375,group-000000,0,0.13451936841011047,0.06193479420132372,0.057417813702168995
training_low_x13312_y07168,0.03064727783203125,group-000000,0,0.13451936841011047,0.023495269096316607,0.029415659483258808
training_low_x13824_y07168,0.0,group-000000,0,0.13451936841011047,0.02455072268766903,0.020848877104706325
training_low_x02560_y07680,0.022167205810546875,group-000000,0,0.13451936841011047,0.02505179744064734,0.025845593983259845
training_low_x05120_y07680,0.049716949462890625,group-000000,0,0.13451936841011047,0.04290280485155527,0.049686083429373674
training_low_x07680_y08192,0.13192367553710938,group-000000,0,0.13451936841011047,0.12664112082878234,0.12174624804591425
training_low_x01536_y08704,0.00176239013671875,group-000000,0,0.13451936841011047,-0.001297526915945424,0.024087240448587902
training_low_x04608_y08704,0.032772064208984375,group-000000,0,0.13451936841011047,0.023644406858092992,0.03716279478663696
training_low_x07680_y08704,0.000408172607421875,group-000000,0,0.13451936841011047,0.009296663090517104,0.02431156707486916
training_low_x09216_y08704,0.006473541259765625,group-000000,0,0.13451936841011047,0.005147608009264448,0.0265276928836504
training_low_x05632_y09216,0.00235748291015625,group-000000,0,0.13451936841011047,-0.004060163389387861,0.024087240448587902
training_low_x07168_y09216,0.0201263427734375,group-000000,0,0.13451936841011047,0.0014861391972782745,0.024840481332074647
training_low_x11264_y09216,0.14708709716796875,group-000000,0,0.13451936841011047,0.15307185696230233,0.1626667214316405
training_low_x00000_y09728,0.00244903564453125,group-000000,0,0.13451936841011047,-0.012116354085134257,0.020848877104706325
training_low_x10752_y09728,0.10733795166015625,group-000000,0,0.13451936841011047,0.11564165954525867,0.10334397451886994
training_low_x13312_y09728,0.01650238037109375,group-000000,0,0.13451936841011047,0.00048945567819908,0.02519087807634782
training_low_x13824_y09728,0.00055694580078125,group-000000,0,0.13451936841011047,0.018080700772122024,0.020848877104706325
training_low_x04096_y10240,0.003963470458984375,group-000000,0,0.13451936841011047,0.007739105525065099,0.024087240448587902
training_low_x05632_y10240,0.050533294677734375,group-000000,0,0.13451936841011047,0.052331872156533815,0.05705921903532463
training_low_x03584_y10752,0.045017242431640625,group-000000,0,0.13451936841011047,0.050451670846063945,0.04789323682754595
training_low_x11776_y10752,0.0470123291015625,group-000000,0,0.13451936841011047,0.04774220535370528,0.05078543578426093
training_low_x01024_y11264,0.019901275634765625,group-000000,0,0.13451936841011047,0.012990972128979969,0.029189414555191938
training_low_x06656_y11264,0.04044342041015625,group-000000,0,0.13451936841011047,0.037288440979910936,0.04968324963593616
training_low_x11776_y11264,0.06645584106445312,group-000000,0,0.13451936841011047,0.06066756258183807,0.06348953286592383
training_low_x01024_y11776,0.03418731689453125,group-000000,0,0.13451936841011047,0.030803943060154118,0.036827834865505914
training_low_x08704_y11776,0.0,group-000000,0,0.13451936841011047,0.004930614511086673,0.020848877104706325
training_low_x10752_y11776,0.0697174072265625,group-000000,0,0.13451936841011047,0.05738175877005393,0.05775545160111228
training_low_x02048_y12288,0.012943267822265625,group-000000,0,0.13451936841011047,0.006410006842208521,0.020848877104706325
training_low_x04096_y12288,0.023334503173828125,group-000000,0,0.13451936841011047,0.010294198281347741,0.021728188106184987
training_low_x12288_y12288,0.0198211669921875,group-000000,0,0.13451936841011047,0.003752874130801137,0.0265276928836504
training_low_x10240_y12800,0.12630462646484375,group-000000,0,0.13451936841011047,0.11291929205205106,0.102291637484344
training_low_x07168_y13312,0.001819610595703125,group-000000,0,0.13451936841011047,0.005487094263518316,0.020848877104706325
training_low_x05632_y13824,0.002117156982421875,group-000000,0,0.13451936841011047,-0.0074787046647963595,0.020848877104706325
training_low_x10240_y13824,0.054111480712890625,group-000000,0,0.13451936841011047,0.03327184148494071,0.04657245374626652
training_low_x02560_y14336,0.00740814208984375,group-000000,0,0.13451936841011047,0.008138437024889478,0.024741956355499927
training_low_x08192_y14336,0.017269134521484375,group-000000,0,0.13451936841011047,0.00038048705286267137,0.024966551450066564
training_low_x10752_y14336,0.02993011474609375,group-000000,0,0.13451936841011047,0.01792145860592069,0.026177296139377228
training_medium_x06144_y00000,0.26764678955078125,group-000064,1,0.10646149516105652,0.2916904822778152,0.2827975149949088
training_medium_x06656_y00000,0.08921432495117188,group-000064,1,0.10646149516105652,0.10540975007174379,0.06653954405743152
training_medium_x04608_y00512,0.03798675537109375,group-000064,1,0.10646149516105652,0.026681799887841737,0.034087269134949874
training_medium_x05120_y00512,0.0256500244140625,group-000064,1,0.10646149516105652,-0.0029622044613783344,0.026159155900454464
training_medium_x02560_y01024,0.09511184692382812,group-000064,1,0.10646149516105652,0.10196606346642302,0.09438028621997611
training_medium_x05632_y01024,0.2394561767578125,group-000064,1,0.10646149516105652,0.2527213696750032,0.27134418159591356
training_medium_x12800_y01024,0.06847763061523438,group-000064,1,0.10646149516105652,0.06964029533594396,0.0721730187622425
training_medium_x04096_y01536,0.1957550048828125,group-000064,1,0.10646149516105652,0.21430071116537358,0.20996698786056567
training_medium_x06144_y01536,0.035747528076171875,group-000064,1,0.10646149516105652,0.020299174362370873,0.03293933095900163
training_medium_x11264_y01536,0.15960693359375,group-000064,1,0.10646149516105652,0.17816211949894994,0.16477861688990775
training_medium_x03584_y02560,0.18958663940429688,group-000064,1,0.10646149516105652,0.21266706280389847,0.19889152277079286
training_medium_x05632_y02560,0.0,group-000064,1,0.10646149516105652,0.007085837984301263,0.0021254622962566536
training_medium_x07168_y03072,0.0832672119140625,group-000064,1,0.10646149516105652,0.09385500189420452,0.0807225080322269
training_medium_x14336_y03584,0.033916473388671875,group-000064,1,0.10646149516105652,0.021576707151618163,0.02849850536967506
training_medium_x00000_y04096,0.12212371826171875,group-000064,1,0.10646149516105652,0.14802164148277494,0.1396189966349369
training_medium_x10240_y04608,0.10301589965820312,group-000064,1,0.10646149516105652,0.09417383900621676,0.09285005391268483
training_medium_x13312_y04608,0.1630096435546875,group-000064,1,0.10646149516105652,0.1720237057076195,0.1576636077579261
training_medium_x03072_y05632,0.06158447265625,group-000064,1,0.10646149516105652,0.06647614086064187,0.06390753353977176
training_medium_x06144_y05632,0.07220458984375,group-000064,1,0.10646149516105652,0.08455837711907331,0.07016325623851095
training_medium_x10752_y05632,0.07409286499023438,group-000064,1,0.10646149516105652,0.07974111665082252,0.07186037722178519
training_medium_x11264_y05632,0.036640167236328125,group-000064,1,0.10646149516105652,0.020746096442698994,0.035102162986378777
training_medium_x11776_y05632,0.12768936157226562,group-000064,1,0.10646149516105652,0.15740425879666753,0.13951904726367761
training_medium_x01024_y06144,0.04222869873046875,group-000064,1,0.10646149516105652,0.03747660776400795,0.04675303141419449
training_medium_x12288_y06144,0.011341094970703125,group-000064,1,0.10646149516105652,-0.006993345159185635,0.007262647889456622
training_medium_x00000_y06656,0.021564483642578125,group-000064,1,0.10646149516105652,0.0008432929241474069,0.025986792693068302
training_medium_x11264_y06656,0.022979736328125,group-000064,1,0.10646149516105652,0.01059161497542642,0.021165673233241554
training_medium_x13312_y06656,0.138458251953125,group-000064,1,0.10646149516105652,0.14141692910544584,0.13825725595170843
training_medium_x13824_y06656,0.05344390869140625,group-000064,1,0.10646149516105652,0.050291566806822105,0.06459160615766094
training_medium_x12800_y07168,0.080657958984375,group-000064,1,0.10646149516105652,0.07081349538224116,0.07272002677163895
training_medium_x08192_y07680,0.023059844970703125,group-000064,1,0.10646149516105652,0.0006988890666644321,0.01886253271264046
training_medium_x11776_y08192,0.24840927124023438,group-000064,1,0.10646149516105652,0.24252043279561486,0.2698897114971632
training_medium_x02560_y08704,0.001819610595703125,group-000064,1,0.10646149516105652,-0.01745051822519808,0.0036253955903438576
training_medium_x04608_y08704,0.02928924560546875,group-000064,1,0.10646149516105652,0.02214296453425975,0.030928399782487192
training_medium_x01536_y09216,0.20956039428710938,group-000064,1,0.10646149516105652,0.22288014950968296,0.218564740320383
training_medium_x02560_y09728,0.01145172119140625,group-000064,1,0.10646149516105652,-0.00645336547579399,0.014667078240644378
training_medium_x02560_y10240,0.021144866943359375,group-000064,1,0.10646149516105652,0.013398830973853068,0.021868211992684912
training_medium_x07680_y10240,0.024990081787109375,group-000064,1,0.10646149516105652,0.01665770272187196,0.022219065379383125
training_medium_x11776_y10240,0.07314682006835938,group-000064,1,0.10646149516105652,0.07898998477206227,0.07142143885262699
training_medium_x12800_y10240,0.05319976806640625,group-000064,1,0.10646149516105652,0.06552741121808384,0.0628344556956788
training_medium_x03072_y10752,0.07147979736328125,group-000064,1,0.10646149516105652,0.09288055876977182,0.06687907076491621
training_medium_x03584_y10752,0.13688278198242188,group-000064,1,0.10646149516105652,0.15404490294227624,0.13192835994732457
training_medium_x02048_y11264,0.18031692504882812,group-000064,1,0.10646149516105652,0.19602328107959943,0.19689137513119817
training_medium_x05120_y11776,0.0,group-000064,1,0.10646149516105652,0.012630622229746466,0.0021254622962566536
training_medium_x14336_y11776,0.08725738525390625,group-000064,1,0.10646149516105652,0.0970706705298886,0.0901124750255583
training_medium_x00512_y12288,0.06510543823242188,group-000064,1,0.10646149516105652,0.0715928116864427,0.06282398298858853
training_medium_x02048_y12288,0.0437774658203125,group-000064,1,0.10646149516105652,0.04481298365799057,0.04541472814313976
training_medium_x04096_y12288,0.05039215087890625,group-000064,1,0.10646149516105652,0.05779767187730047,0.06305272857120249
training_medium_x13824_y12288,0.16417694091796875,group-000064,1,0.10646149516105652,0.1799739753628051,0.1576636077579261
training_medium_x01024_y12800,0.101593017578125,group-000064,1,0.10646149516105652,0.11673341625025963,0.10448678680968784
training_medium_x05632_y12800,0.025905609130859375,group-000064,1,0.10646149516105652,0.019223597766206454,0.026069091441122516
training_medium_x07680_y12800,0.05454254150390625,group-000064,1,0.10646149516105652,0.06290768126993176,0.06223593568508788
training_medium_x02560_y13312,0.039737701416015625,group-000064,1,0.10646149516105652,0.031123146545765368,0.04419200834602108
training_medium_x03584_y13312,0.14722061157226562,group-000064,1,0.10646149516105652,0.17661037318077336,0.150365837356337
training_medium_x04096_y13312,0.0816802978515625,group-000064,1,0.10646149516105652,0.0987384653280491,0.09497148592795815
training_medium_x06144_y13312,0.13323211669921875,group-000064,1,0.10646149516105652,0.15870514830902654,0.14067923723545067
training_medium_x07680_y13312,0.01819610595703125,group-000064,1,0.10646149516105652,0.030250604030750056,0.02310971521855507
training_medium_x08704_y13312,0.10078811645507812,group-000064,1,0.10646149516105652,0.10925278357938296,0.09832807139182267
training_medium_x07680_y13824,0.12430572509765625,group-000064,1,0.10646149516105652,0.13468355828434989,0.13230622825654698
training_medium_x09728_y13824,0.055629730224609375,group-000064,1,0.10646149516105652,0.07805749221260025,0.06613567107150432
training_medium_x10240_y13824,0.14847946166992188,group-000064,1,0.10646149516105652,0.16946914413488012,0.15075323645725625
training_medium_x11776_y13824,0.16262435913085938,group-000064,1,0.10646149516105652,0.1682714852130235,0.15155369399078852
training_medium_x12288_y13824,0.041316986083984375,group-000064,1,0.10646149516105652,0.04399075627342392,0.0456018850366364
training_medium_x06144_y14336,0.000732421875,group-000064,1,0.10646149516105652,-0.011666121538497026,0.0034129826760787374
training_medium_x08704_y14336,0.17406463623046875,group-000064,1,0.10646149516105652,0.20301735167744045,0.17383014623068815
training_high_x04096_y00000,0.23993301391601562,group-000128,2,0.05878537893295288,0.18956732891574654,0.156756170471755
training_high_x10240_y00000,0.23736190795898438,group-000128,2,0.05878537893295288,0.17834471504357596,0.1519481403914377
training_high_x01024_y00512,0.2878990173339844,group-000128,2,0.05878537893295288,0.21501026005916576,0.1476684405755441
training_high_x02048_y00512,0.2679405212402344,group-000128,2,0.05878537893295288,0.1983407363915863,0.14540992160013086
training_high_x03072_y00512,0.08749771118164062,group-000128,2,0.05878537893295288,0.08236804466472655,0.06502250351304807
training_high_x09728_y00512,0.13881301879882812,group-000128,2,0.05878537893295288,0.12048070641539382,0.12205443059658765
training_high_x03584_y01024,0.162994384765625,group-000128,2,0.05878537893295288,0.12906067804443308,0.10321643648664261
training_high_x13312_y01024,0.3247871398925781,group-000128,2,0.05878537893295288,0.20315667804867688,0.1379070622688825
training_high_x01536_y01536,0.00585174560546875,group-000128,2,0.05878537893295288,0.006386022868673784,0.0018119688895918324
training_high_x03072_y01536,0.3042945861816406,group-000128,2,0.05878537893295288,0.1981405415740399,0.11692808356601257
training_high_x05120_y01536,0.22150802612304688,group-000128,2,0.05878537893295288,0.1689104069658866,0.14184119664625988
training_high_x09728_y01536,0.2900657653808594,group-000128,2,0.05878537893295288,0.18012139394978416,0.15487423158492294
training_high_x00512_y02048,0.26940155029296875,group-000128,2,0.05878537893295288,0.1847886409299818,0.15475570525688867
training_high_x12800_y02560,0.08180618286132812,group-000128,2,0.05878537893295288,0.08748457229539272,0.0699756993151717
training_high_x00512_y03072,0.246429443359375,group-000128,2,0.05878537893295288,0.17748991387645935,0.11474448227818067
training_high_x06144_y03072,0.07684326171875,group-000128,2,0.05878537893295288,0.07616229924190132,0.07096461813784667
training_high_x05632_y03584,0.16806793212890625,group-000128,2,0.05878537893295288,0.14499753136678728,0.1255297017549059
training_high_x11264_y03584,0.208740234375,group-000128,2,0.05878537893295288,0.16465396068070534,0.1425452149014579
training_high_x12800_y03584,0.1594085693359375,group-000128,2,0.05878537893295288,0.13159950310608473,0.11607966990686168
training_high_x03072_y05120,0.10418701171875,group-000128,2,0.05878537893295288,0.10328840113161433,0.08250613835091856
training_high_x05632_y05120,0.32178497314453125,group-000128,2,0.05878537893295288,0.22466358640466483,0.14515632533645945
training_high_x04608_y05632,0.03330230712890625,group-000128,2,0.05878537893295288,0.03132861989277727,0.01800985694939692
training_high_x05632_y05632,0.06998825073242188,group-000128,2,0.05878537893295288,0.06915696808817941,0.05598512456347007
training_high_x11264_y05632,0.2038421630859375,group-000128,2,0.05878537893295288,0.1647011795926769,0.14084066427985767
training_high_x05632_y06144,0.21197509765625,group-000128,2,0.05878537893295288,0.1765231887578267,0.15437912516830748
training_high_x06144_y06144,0.25832366943359375,group-000128,2,0.05878537893295288,0.17885104074605832,0.11722578116236132
training_high_x07168_y06656,0.0938873291015625,group-000128,2,0.05878537893295288,0.07676170605821099,0.06931918341053332
training_high_x00512_y07680,0.12859725952148438,group-000128,2,0.05878537893295288,0.11251228108170046,0.10829843373503559
training_high_x04096_y07680,0.29876708984375,group-000128,2,0.05878537893295288,0.2029573883957562,0.13231445360403132
training_high_x04608_y07680,0.22803115844726562,group-000128,2,0.05878537893295288,0.17451615200780243,0.13696328140003464
training_high_x12800_y07680,0.2964591979980469,group-000128,2,0.05878537893295288,0.2174194718338008,0.14346598890096646
training_high_x07680_y08192,0.3185157775878906,group-000128,2,0.05878537893295288,0.21962211148149832,0.14540992160013086
training_high_x10752_y08192,0.2506103515625,group-000128,2,0.05878537893295288,0.18401440038250558,0.14558275399137977
training_high_x03584_y08704,0.015712738037109375,group-000128,2,0.05878537893295288,0.012140412304700268,0.007577544779617637
training_high_x08704_y08704,0.0660552978515625,group-000128,2,0.05878537893295288,0.07017461706476594,0.0597161166308761
training_high_x04096_y09216,0.14541244506835938,group-000128,2,0.05878537893295288,0.11997651709231485,0.10728283080764628
training_high_x10240_y09216,0.1332855224609375,group-000128,2,0.05878537893295288,0.1036975189178997,0.0935259129634154
training_high_x08704_y09728,0.17463302612304688,group-000128,2,0.05878537893295288,0.15022697866546697,0.1399366708660052
training_high_x03072_y10240,0.07072067260742188,group-000128,2,0.05878537893295288,0.0672613322939025,0.051852297496371935
training_high_x11264_y10240,0.09344482421875,group-000128,2,0.05878537893295288,0.08745072495696526,0.08069155125992679
training_high_x14336_y10240,0.16718673706054688,group-000128,2,0.05878537893295288,0.13568430679320917,0.10314661945911159
training_high_x09728_y10752,0.3154716491699219,group-000128,2,0.05878537893295288,0.19288459179456655,0.11049031738935113
training_high_x00000_y11264,0.118133544921875,group-000128,2,0.05878537893295288,0.0981666637183192,0.06713956679526029
training_high_x04608_y11264,0.1455078125,group-000128,2,0.05878537893295288,0.12616449414582165,0.10829843373503559
training_high_x07168_y11264,0.23804855346679688,group-000128,2,0.05878537893295288,0.17838534420083085,0.15487423158492294
training_high_x10240_y11264,0.1594696044921875,group-000128,2,0.05878537893295288,0.1308569150150114,0.1059163144830593
training_high_x13824_y11264,0.2177734375,group-000128,2,0.05878537893295288,0.17524809650731596,0.14208927627325899
training_high_x03072_y11776,0.22080230712890625,group-000128,2,0.05878537893295288,0.16632781385398823,0.13958863069324845
training_high_x03584_y11776,0.20717620849609375,group-000128,2,0.05878537893295288,0.16982592171142621,0.15436809819737693
training_high_x07680_y11776,0.13673782348632812,group-000128,2,0.05878537893295288,0.1218803042878252,0.1167177960880941
training_high_x09728_y11776,0.2867240905761719,group-000128,2,0.05878537893295288,0.18858347183942778,0.1166569586798493
training_high_x05120_y12288,0.19944000244140625,group-000128,2,0.05878537893295288,0.16660910630846743,0.15354807468817627
training_high_x01024_y12800,0.14952850341796875,group-000128,2,0.05878537893295288,0.1240888706918663,0.10788026703160722
training_high_x08192_y12800,0.23530197143554688,group-000128,2,0.05878537893295288,0.15618455349116994,0.10290083914911682
training_high_x05632_y13312,0.0916595458984375,group-000128,2,0.05878537893295288,0.0865283926951215,0.06193064322528202
training_high_x06656_y13312,0.23560333251953125,group-000128,2,0.05878537893295288,0.1772413816955088,0.15449765149634176
training_high_x07168_y13312,0.09622955322265625,group-000128,2,0.05878537893295288,0.09346063212177969,0.08262466467895281
training_high_x13312_y13312,0.08473968505859375,group-000128,2,0.05878537893295288,0.0765390615011929,0.06316890989373243
training_high_x03072_y13824,0.2569007873535156,group-000128,2,0.05878537893295288,0.22244547070630685,0.17963220560316617
training_high_x04608_y13824,0.2751579284667969,group-000128,2,0.05878537893295288,0.2089474165484027,0.14540992160013086
training_high_x08192_y14336,0.06907272338867188,group-000128,2,0.05878537893295288,0.07206506572133625,0.06688593522777439
training_high_x09728_y14336,0.2496795654296875,group-000128,2,0.05878537893295288,0.1872284428551508,0.15460318069019607
training_high_x10240_y14336,0.06348037719726562,group-000128,2,0.05878537893295288,0.055626933172552157,0.05447802522039623
training_high_x12800_y14336,0.14350509643554688,group-000128,2,0.05878537893295288,0.12073799227216633,0.10772774246491464
